gen,nevals,restart,avg,std,min,max
0,300,3,1066.354492677715,200.13182347420604,605.0301077507515,1943.7266904233197
1,171,3,1348.126883186638,274.72689855432554,679.205960749408,2216.487545080456
2,167,3,1692.3127194911667,345.87798577866545,760.4521344617216,2334.886719692175
3,178,3,1883.626611758483,410.5579740363713,649.4026654286566,2412.357283785546
4,165,3,2056.4217771894273,374.57653800950266,664.1705892131839,2448.6982399318667
5,188,3,2140.7232631395323,362.56332326076387,938.0073211205387,2464.7371035930496
6,180,3,2107.2642990613163,441.40364799589327,739.6058594816274,2490.544605604706
7,182,3,2284.297532667993,278.8206558836477,1164.7918488038304,2528.762468897115
8,181,3,2419.7976514976904,120.9190707569123,1609.7476154569017,2557.296333434088
9,198,3,2417.056553720845,163.05970744545039,1596.399158138988,2560.154657463367
10,185,3,2490.136600630905,124.94061040207147,1607.9453676916596,2672.568613098614
11,180,3,2522.7430488004024,167.6807937758378,1359.8313316264,2697.1140351050085
12,174,3,2564.245616493745,191.5171715781008,1567.953866774079,2699.2346541106713
13,173,3,2594.333482057453,245.6552028607684,1242.4898646238714,2699.2346541106713
14,189,3,2556.700151393799,291.50331742149285,1441.3626437060207,2699.2346541106713
15,184,3,2535.2844883827247,323.56472038156215,1158.5471312151444,2699.2346541106713
16,180,3,2567.2949260104106,291.5574733295527,1423.805521321736,2699.2346541106713
17,194,3,2575.2984219908612,297.3389072789078,1000.0,2699.2346541106713
18,199,3,2548.7390514056183,327.22485493848944,1270.543350641705,2699.2346541106713
19,182,3,2566.6135537630194,296.2274105580083,1337.6274456847916,2699.2346541106713
20,173,3,2585.2515882799285,274.01651545926575,1429.76027421235,2699.2346541106713
21,182,3,2562.5754641271396,293.7193192781069,1328.131767930349,2699.2346541106713
22,199,3,2515.0853361417926,351.9539840431611,1358.6416118339591,2699.2346541106713
23,185,3,2571.3044306235265,285.2207165149495,1297.574610963997,2699.2346541106713
24,173,3,2567.693838228375,302.0405572818751,1136.174296606063,2699.2346541106713
25,194,3,2559.191527764506,311.81327522701,1315.7057299687622,2699.2346541106713
26,159,3,2568.0024474318493,303.4564881956304,1428.7528326717616,2721.5082422305886
27,166,3,2576.381598372964,287.1614357496863,1429.76027421235,2721.5082422305886
28,196,3,2576.122806242756,279.5192042282596,1487.8026156024457,2725.3589455209135
29,171,3,2598.4204836965205,286.4711850765466,1374.0441665850774,2725.3589455209135
30,181,3,2558.0076263776964,327.80988710231446,1451.330054619792,2730.719181979826
31,192,3,2587.700815534799,337.29443090997756,1016.5769872470613,2730.719181979826
32,185,3,2571.2649473227007,328.39192876290076,1313.0603002421844,2730.719181979826
33,158,3,2611.2004492928654,300.77320930805035,1424.6700305328293,2733.6548348191077
34,173,3,2594.836960086677,328.45746123084376,1257.2220736407398,2733.6548348191077
35,194,3,2610.5226104669428,309.7803609765936,1355.3651135308307,2733.6548348191077
36,185,3,2633.6107447872287,291.0900437737942,1358.6416118339591,2733.6548348191077
37,172,3,2659.8035195072043,234.3824173852211,998.9048334358812,2742.1576707314584
38,166,3,2618.5138228983838,294.2963618419937,1350.2570411946695,2752.99506450763
39,187,3,2602.552880157566,315.69956077875264,1454.2425275334513,2799.344473448236
40,182,3,2547.7030284747248,368.8482452911829,1415.4464748833052,2799.344473448236
41,178,3,2615.918212445789,326.2355085846917,1304.2319245117994,2799.344473448236
42,178,3,2697.756962352563,266.40468828374173,1427.4043476366144,2799.344473448236
43,190,3,2710.1715284298525,260.08935345163053,1492.0158651135666,2799.344473448236
44,180,3,2714.1925035552254,252.52052814057254,1016.5769872470613,2839.5669879178113
45,177,3,2700.4336486326383,262.53563230698796,1525.9067134657769,2839.5669879178113
46,199,3,2735.59413363653,223.3422075774734,1577.4291207266065,2839.5669879178113
47,164,3,2755.048209805703,254.99806086678112,1439.93896616058,2839.5669879178113
48,183,3,2783.7692267970406,197.58272038238803,1496.981730202604,2839.5669879178113
49,170,3,2760.6822318754553,248.8872250139479,1446.8156559498236,2839.5669879178113
50,174,3,2759.621109457996,244.73051132076526,1462.9253428784045,2839.5669879178113
51,166,3,2744.828276057509,259.58617553479525,1467.5285683433444,2841.7468467949893
52,165,3,2721.220865482658,317.6977446418706,1242.4898646238714,2844.040045503189
53,172,3,2725.4107528357767,309.2140599057378,1337.714272969131,2844.040045503189
54,183,3,2730.735807204079,301.7720338636231,1320.2379738736042,2844.040045503189
55,180,3,2747.512749216923,242.98456813610224,1510.4819477836106,2844.040045503189
56,180,3,2732.7315035519005,266.8520102760393,1497.411850693184,2844.040045503189
57,181,3,2757.084321751079,260.0496963524362,1253.8469821884003,2844.040045503189
58,174,3,2758.591998126214,235.94770331743487,1328.5247931526364,2863.1761055712905
59,180,3,2749.7872443966457,258.73052843006883,1277.5134572177235,2863.1761055712905
60,196,3,2725.1024720607616,273.71174061294846,1516.774769320903,2944.2855654687737
61,204,3,2735.764882267971,332.16666501790513,1304.2319245117994,2944.2855654687737
62,177,3,2813.8502589917935,279.79815167634627,1478.9757673280226,2944.2855654687737
63,171,3,2831.860549471456,279.406542254451,1426.6586810881029,2944.2855654687737
64,177,3,2819.969490420232,310.57927920511503,1429.4006598054884,2944.2855654687737
65,159,3,2850.203914406624,269.33185865544135,1368.233688258741,2944.2855654687737
66,166,3,2830.4524268527975,287.70577997495906,1298.564283290379,2968.581268657378
67,192,3,2780.8519963712424,367.2949455385619,1336.556289173569,2968.581268657378
68,178,3,2831.2081878830827,297.9693122718032,1330.5462977002433,2968.581268657378
69,183,3,2839.3373422221403,307.6031520756876,1417.921121061063,2968.581268657378
70,185,3,2827.6377555298022,329.6915574558689,1524.089154350634,2968.581268657378
71,173,3,2878.248282747354,255.75590039782372,1437.0378507276391,2970.9417985691266
72,188,3,2859.151802669803,294.84870298885005,1304.2319245117994,2970.9417985691266
73,185,3,2797.3566205699713,335.8953115811308,1375.2209392406965,2970.9417985691266
74,190,3,2867.891552132776,245.94037393830072,1413.2518073672964,2970.9417985691266
75,168,3,2853.817327409984,283.90140065686546,1539.470502905609,2970.9417985691266
76,162,3,2853.90669478884,287.92532646660163,1594.0289121743097,2970.9417985691266
77,168,3,2850.4327715720988,270.1241120029963,1595.3856768429105,2993.042613163165
78,176,3,2831.2574765691843,320.3282674658462,1507.4936873343456,2993.042613163165
79,181,3,2866.8790606148264,258.29914260775945,1555.0316484110706,2993.042613163165
80,171,3,2831.512242800589,356.21366772962284,1343.6165438897308,2993.042613163165
81,180,3,2878.142883028646,292.58536208803844,1547.8317626547928,2993.042613163165
82,166,3,2883.1417943971815,298.86071424170404,1381.4434696070998,2993.042613163165
83,197,3,2839.517496697241,330.30579917288173,1467.2426937605082,2993.042613163165
84,183,3,2864.228496553003,286.77928427832484,1391.7828627422036,2993.042613163165
85,190,3,2873.6731731848868,284.7155913496846,1547.8317626547928,2993.042613163165
86,176,3,2862.2749160221692,304.4225698472338,1435.1083587864532,2993.042613163165
87,182,3,2864.70165823398,318.150112967524,1299.266137601499,2993.042613163165
88,161,3,2892.6589333030324,286.03350247918013,1379.2843497129547,2993.042613163165
89,182,3,2884.043328785258,282.65129677784404,1256.9996609387745,2993.042613163165
90,175,3,2875.984987655944,283.3587274242659,1590.6085976796371,2993.042613163165
91,170,3,2842.66367327951,340.26504879734506,1000.0,2993.042613163165
92,178,3,2874.7597677602066,300.61586288741586,1632.3926328170394,2993.042613163165
93,185,3,2861.9411098044925,335.4956122430848,1496.2512868914444,2993.042613163165
94,185,3,2872.1851877783706,298.93017720295126,1558.2011901433034,2998.676705453371
95,175,3,2909.586492285865,237.268227286042,1347.8204794603976,2998.676705453371
96,165,3,2878.899600288652,311.887323616353,1549.8793784325871,2998.676705453371
97,184,3,2847.301891173551,347.7661349097652,1547.5011193863572,2998.676705453371
98,168,3,2869.1281670744506,334.941940946921,1524.3203178169256,2998.676705453371
99,198,3,2849.658391197248,355.6643623750186,1412.7081735039508,2998.676705453371
100,167,3,2840.5553409524246,364.3922381793383,1458.602307237698,2998.676705453371
101,173,3,2855.592716621833,338.940271125862,1590.6085976796371,3005.06742052943
102,180,3,2856.761614898414,355.40193435243395,1382.191934458252,3045.467561411904
103,185,3,2858.0235219250612,346.57629531257203,1552.060683153876,3045.467561411904
104,175,3,2899.544616009113,322.7034520693923,1481.8929867464694,3045.467561411904
105,166,3,2950.060653062046,274.4565451446955,1458.7803635989746,3045.467561411904
106,180,3,2907.8901127798686,332.67858874617315,1491.7243792479098,3045.467561411904
107,177,3,2895.6101316249938,355.4447641738056,1319.0104553547176,3045.467561411904
108,177,3,2913.907260705955,300.76376178439995,1615.5238959462695,3045.467561411904
109,183,3,2908.801785867726,338.5640529431782,1433.9631057459067,3045.467561411904
110,166,3,2921.0118617881385,316.9108727163488,1371.9847593330082,3045.467561411904
111,163,3,2873.6729653043712,345.03705178360565,1601.6080845646907,3045.467561411904
112,188,3,2878.7141282013627,371.2830241736399,1449.276975882549,3045.467561411904
113,189,3,2900.7396653088917,332.73916434930396,1417.8774475183222,3045.467561411904
114,165,3,2932.3563950880475,307.68763705600907,1463.0587170336776,3045.467561411904
115,174,3,2893.667537997483,360.00390802382975,1449.7939714377599,3045.467561411904
116,185,3,2907.7762043246917,332.429054187104,1467.2426937605082,3045.467561411904
117,157,3,2920.819948379325,321.4988939080802,1472.981923290934,3045.467561411904
118,167,3,2903.3156188674757,354.09855477705935,1467.959561091775,3045.467561411904
119,170,3,2905.8545281746283,309.692759717289,1486.1400137250953,3045.467561411904
120,177,3,2926.3033881298934,310.0465226754781,1589.0095965947096,3045.467561411904
121,182,3,2868.5922774004484,397.6699262344796,1394.7780332295258,3045.467561411904
122,189,3,2920.7662796330287,316.2535860890754,1347.196750469743,3045.467561411904
123,176,3,2909.719861637693,325.49390387526887,1347.8204794603976,3045.467561411904
124,185,3,2909.0715735690146,317.88322307064175,1491.7243792479098,3045.467561411904
125,193,3,2909.893339724667,329.88300390459375,1492.9157640709539,3045.467561411904
126,198,3,2885.114596299519,343.70426420606276,1425.2523548593797,3045.467561411904
127,180,3,2904.894646439668,321.90274132810464,1514.1377295717498,3045.467561411904
128,189,3,2911.587977384876,325.1245333228572,1528.8977630638021,3045.467561411904
129,200,3,2904.575061892714,323.34248352452437,1640.3029113532473,3045.467561411904
130,191,3,2913.421509243591,323.1756663508043,1492.3474620087618,3045.467561411904
131,182,3,2928.671816255533,302.72545267372044,1595.8962639583062,3045.467561411904
132,190,3,2888.797714728347,354.52116949169437,1321.0908104098212,3045.467561411904
133,184,3,2925.010208607023,307.5934203238975,1593.9535703051083,3045.467561411904
134,207,3,2906.4598022410855,322.46189790972875,1459.4609647868124,3045.467561411904
135,190,3,2903.846931857614,335.53193186084377,1576.7885072134054,3045.467561411904
136,174,3,2928.953430928999,326.45007297612494,1360.8306416720418,3045.467561411904
137,177,3,2935.502033664083,282.41417195923754,1473.187546448639,3045.467561411904
138,179,3,2919.3241222504703,329.3737174793237,1467.959561091775,3045.467561411904
139,189,3,2890.057047411819,360.39273176741733,1482.0983526951247,3045.467561411904
140,179,3,2912.9543604016585,316.2178061700079,1491.7243792479098,3045.467561411904
141,178,3,2901.7670457579484,324.2232186658938,1536.9337983015073,3045.467561411904
142,163,3,2902.3233867889376,341.5120036471284,1523.0314327669216,3045.467561411904
143,179,3,2928.627292006727,272.62100703751616,1347.8204794603976,3045.467561411904
144,189,3,2893.927532532073,342.32307336562184,1524.3203178169256,3045.467561411904
145,188,3,2917.317172734998,331.5547720355085,1483.1679900397212,3045.467561411904
146,176,3,2920.9366164630032,294.3345349735745,1381.2842529337615,3045.467561411904
147,171,3,2918.265016698824,284.48088501709236,1438.6372741341115,3045.467561411904
148,168,3,2888.3095180639434,366.3774610404454,1458.3619993916438,3045.467561411904
149,180,3,2919.1264549595217,332.11609522116595,1395.4457447067507,3045.467561411904
150,193,3,2889.199653260926,357.5419108032069,1435.3808749171128,3045.467561411904
151,184,3,2915.7723427790784,304.9360284843511,1559.8619250044198,3045.467561411904
152,188,3,2909.120185280681,352.4374039089954,1306.8964936897248,3045.467561411904
153,171,3,2920.7051841254433,319.73873066477034,1336.8606027248081,3045.467561411904
154,178,3,2889.256914521515,347.1961583903734,1534.0499822709853,3045.467561411904
155,193,3,2922.4100326775288,296.1118473384037,1481.4795491276175,3045.467561411904
156,177,3,2915.757713332586,305.25078558219235,1508.8167975643064,3045.467561411904
157,198,3,2940.9046985855025,252.36538756532357,1482.944298132741,3045.467561411904
158,183,3,2881.9107244213233,369.7194686752921,1486.4192773016514,3045.467561411904
159,178,3,2880.275927969113,360.21190805193146,1482.6627517855848,3045.467561411904
160,189,3,2903.0052531208275,337.3754297092581,1472.981923290934,3060.18020215656
161,190,3,2882.05260990155,354.95194432390525,1491.7243792479098,3060.18020215656
162,165,3,2934.644483781495,283.33542906306394,1516.655484821124,3060.18020215656
163,192,3,2910.627259661701,355.87505567264657,1483.4496323277685,3060.18020215656
164,168,3,2950.2728741764836,279.9334260410752,1467.959561091775,3060.18020215656
165,168,3,2934.0082248733765,306.6686372959619,1460.4943662265935,3060.18020215656
166,187,3,2914.508042231768,344.9068088367716,1539.470502905609,3060.18020215656
167,172,3,2930.431785161697,304.20418121596185,1459.5838487317815,3060.18020215656
168,175,3,2902.4392253361293,360.7157470588014,1456.2027603808194,3060.18020215656
169,204,3,2925.640227008575,345.54863551953537,1327.8698217313238,3060.18020215656
170,169,3,2946.508574066374,295.23451967690266,1402.155725604841,3060.18020215656
171,166,3,2930.9428255660855,332.4393176143711,1484.3915897931092,3060.18020215656
172,181,3,2920.3570290604903,351.2161943461717,1338.5639492080165,3060.18020215656
173,172,3,2942.444745150141,318.15728560837465,1419.500984034192,3060.18020215656
174,193,3,2908.4388904678726,355.78288500243866,1327.2213662012093,3060.18020215656
175,196,3,2910.6459374704073,340.11283619101516,1437.60283040769,3060.18020215656
176,163,3,2946.0512724150612,317.09285957754923,1605.6477139462947,3060.18020215656
177,191,3,2920.248690525537,342.8345204023012,1441.8709485107167,3060.18020215656
178,172,3,2939.2440629456237,316.93096168985704,1492.9157640709539,3060.18020215656
179,181,3,2913.163701372111,354.45461894454024,1414.8294662719202,3060.18020215656
180,185,3,2899.96282817699,358.9584156063539,1470.594078154744,3060.18020215656
181,187,3,2909.56183932277,347.28051751896106,1548.3729763755457,3060.18020215656
182,190,3,2893.572964581494,361.65482172887295,1516.1445378729588,3060.18020215656
183,188,3,2933.3886466279378,303.97868097282077,1579.3859448991875,3060.18020215656
184,180,3,2925.097190642156,329.9164595286428,1492.9157640709539,3060.18020215656
185,167,3,2965.832908010486,265.76366554873505,1361.5599726426212,3060.18020215656
186,154,3,2899.4995423394894,372.4000642110284,1318.9800718301174,3060.18020215656
187,169,3,2948.078340150547,290.2107286963255,1471.7610412468791,3060.18020215656
188,176,3,2929.595153203759,320.2118743733768,1554.4512363515341,3060.18020215656
189,184,3,2945.580960736969,293.58722803675346,1601.6080845646907,3060.18020215656
190,187,3,2964.960488528402,284.80010518626665,1319.0104553547176,3060.18020215656
191,169,3,2904.6838979203776,361.0987089214005,1361.403395247885,3060.18020215656
192,187,3,2920.2521180682606,321.8607293275518,1601.6080845646907,3060.18020215656
193,196,3,2879.4573584238597,388.6203743538656,1369.3368956022923,3060.18020215656
194,175,3,2951.7488978575843,289.0373647234167,1485.9675696200538,3060.18020215656
195,189,3,2925.032196151865,309.1686881405884,1481.9843841887523,3060.18020215656
196,195,3,2919.4117194800924,340.40294915947,1491.7243792479098,3060.18020215656
197,194,3,2877.970517206715,372.6440601110321,1304.2319245117994,3060.18020215656
198,169,3,2876.7231239003336,397.8223775697304,1396.9746039831552,3060.18020215656
199,172,3,2913.0747661688356,339.31912051723367,1441.0105460421514,3060.18020215656
200,163,3,2959.5064647999393,292.71468313889335,1482.1293947610066,3060.18020215656
201,175,3,2948.3243282913286,324.2428025909396,1601.6080845646907,3060.18020215656
202,180,3,2929.9165355134396,331.88282321861516,1338.5639492080165,3060.18020215656
203,193,3,2915.073699390056,342.49587532322886,1368.9709398163789,3060.18020215656
204,179,3,2952.92509660525,291.1178903506526,1467.959561091775,3060.18020215656
205,199,3,2911.1287143648397,342.03813157106407,1506.7527057728594,3060.18020215656
206,187,3,2910.87622337078,353.0505945843759,1470.594078154744,3060.18020215656
207,185,3,2932.240819365856,323.41778612957,1458.5220894232912,3060.18020215656
208,179,3,2956.8559958991495,282.07404388667476,1454.2534975630088,3060.18020215656
209,169,3,2926.681980346481,328.0477926606562,1472.981923290934,3060.18020215656
210,172,3,2943.234413808117,283.3492665586196,1610.6419651849048,3060.18020215656
211,177,3,2936.1695662678007,326.50921404133584,1468.1802166924736,3060.18020215656
212,165,3,2938.884026297994,291.9071911531249,1472.981923290934,3060.18020215656
213,193,3,2920.6279643199928,344.72745716873237,1467.3645308878822,3060.18020215656
214,166,3,2903.0409748239626,376.6379102205503,1482.6627517855848,3060.18020215656
215,166,3,2939.2080218289893,325.4957288597693,1492.32229706005,3060.18020215656
216,161,3,2947.245976187004,301.2004382388908,1333.9361617180039,3060.18020215656
217,197,3,2915.5531565952106,350.5987728711952,1360.8306416720418,3060.18020215656
218,155,3,2916.559986785329,343.17791008855914,1401.5795090650288,3060.18020215656
219,182,3,2952.6046734389106,294.0056429716457,1594.6204837881949,3060.18020215656
220,198,3,2926.340949741643,320.688366699333,1617.067992836755,3060.18020215656
221,187,3,2885.331047859562,376.4941621661531,1362.1208874339075,3060.18020215656
222,179,3,2950.3336387204904,291.6467900850828,1400.8123684275351,3060.18020215656
223,185,3,2918.1387847354117,339.2100533217875,1372.3592427604772,3060.18020215656
224,174,3,2935.132301822608,304.28232948036236,1502.227989172556,3060.18020215656
225,196,3,2919.591303091979,355.2510097490019,1489.554330250553,3060.18020215656
226,179,3,2907.9358543408393,361.496831369049,1414.8294662719202,3060.18020215656
227,200,3,2890.6947839955988,354.56120192671415,1416.3646609709078,3060.18020215656
228,187,3,2948.557031480188,286.9508815419985,1613.5974663906304,3060.18020215656
229,154,3,2900.2882210226962,366.18377940061345,1439.684031720739,3060.18020215656
230,178,3,2923.412686071389,318.61293035563483,1470.594078154744,3060.18020215656
231,179,3,2927.519239190966,315.5143939731244,1481.9843841887523,3060.18020215656
232,182,3,2935.0363973096237,302.4057385333329,1548.5192250873101,3060.18020215656
233,184,3,2904.936622778993,350.2413051006747,1258.5166587930469,3060.18020215656
234,183,3,2892.8364309068884,367.10736586986275,1481.9843841887523,3060.18020215656
235,182,3,2926.806097788351,312.2627300810982,1599.5804356238928,3060.18020215656
236,175,3,2939.649967331772,299.68835873664403,1482.6627517855848,3060.18020215656
237,185,3,2914.7676863053557,346.92220297765743,1354.9764944982783,3060.18020215656
238,194,3,2887.1905526737482,373.3476590281466,1492.3474620087618,3060.18020215656
239,174,3,2940.5903493305063,297.27556824887176,1547.5951944083029,3060.18020215656
240,182,3,2910.5494209315325,344.97925238278685,1435.1083587864532,3060.18020215656
241,162,3,2938.7298086612673,288.32142679223506,1601.6080845646907,3060.18020215656
242,190,3,2935.498919327748,313.3222241955615,1370.2124534481,3060.18020215656
243,194,3,2887.3445723407663,383.5584400238136,1286.952425364935,3060.18020215656
244,185,3,2900.533783394059,348.97348088731434,1483.4496323277685,3060.18020215656
245,167,3,2925.510125329815,335.6373465849987,1367.9681514444026,3060.18020215656
246,180,3,2909.151971109236,370.26399508089037,1435.1083587864532,3060.18020215656
247,167,3,2916.2694802184205,337.8948167852421,1377.72324491551,3060.18020215656
248,173,3,2932.631319365929,300.8806281048509,1347.8204794603976,3060.18020215656
249,177,3,2892.8694238397784,367.49175674617715,1436.0866542617762,3060.18020215656
250,177,3,2923.1181294448284,325.2555572126928,1350.9097501840774,3060.18020215656
251,170,3,2915.3672762139886,324.3419037210187,1527.3876244293276,3060.18020215656
252,179,3,2920.999625274763,344.004521467481,1430.2430281202176,3060.18020215656
253,158,3,2932.201941826448,317.115805838553,1473.0678396788016,3060.18020215656
254,184,3,2931.5408513631733,326.6681223682353,1539.470502905609,3060.18020215656
255,166,3,2932.324951151713,309.3367990522658,1556.888255803787,3060.18020215656
256,189,3,2922.477426447485,321.61697657608426,1471.7685869915945,3060.18020215656
257,172,3,2893.975261461332,363.2187989184861,1491.7243792479098,3060.18020215656
258,177,3,2932.2121436699786,315.8125386535808,1428.8868479309012,3060.18020215656
259,192,3,2873.931331823152,410.441749222414,1385.1725456162997,3060.18020215656
260,181,3,2946.7127335065734,303.6220463956547,1482.6627517855848,3060.18020215656
261,161,3,2950.7735153597605,291.0878590000093,1452.1171094037868,3060.18020215656
262,173,3,2940.668825434448,269.95853438310604,1643.452331219609,3060.18020215656
263,188,3,2923.486812137857,331.07836947245147,1495.4947760020707,3060.18020215656
264,172,3,2942.0323862639434,306.5705045607874,1477.3890721912248,3060.18020215656
265,185,3,2943.433508563412,298.0942437166309,1392.5982245198818,3060.18020215656
266,182,3,2908.976391812368,366.82078220051085,1331.4216274051612,3060.18020215656
267,167,3,2934.534280546319,309.6338984269009,1605.6477139462947,3060.18020215656
268,177,3,2923.744508649998,329.1482534047731,1513.8275683795207,3060.18020215656
269,171,3,2956.1637325051774,287.93926709253395,1601.6080845646907,3060.18020215656
270,173,3,2933.674160334529,336.9692599875514,1370.2124534481,3060.18020215656
271,176,3,2952.166559079785,292.9050865421347,1392.5982245198818,3060.18020215656
272,190,3,2923.0870360246145,341.70401149015265,1572.6374673811795,3060.18020215656
273,194,3,2932.1970592399257,335.2584915564472,1256.8426174319634,3060.18020215656
274,180,3,2919.0900147819834,338.00882455757386,1599.5804356238928,3060.18020215656
275,173,3,2942.7474609948376,297.35888843032666,1433.9631057459067,3060.18020215656
276,185,3,2923.066951138336,326.39995118856325,1477.2902812903612,3060.18020215656
277,179,3,2945.3168913776612,283.2967604521456,1360.8306416720418,3060.18020215656
278,174,3,2896.929729683451,378.75489659202026,1408.8741821863298,3060.18020215656
279,199,3,2935.6497248277087,303.93366973465294,1319.0104553547176,3060.18020215656
280,171,3,2920.930366457925,343.0893214461655,1340.6432826448668,3060.18020215656
281,182,3,2905.3319794591225,354.43250550328077,1404.8889555782416,3060.18020215656
282,163,3,2948.3482376805623,304.5068926160949,1532.9265415864752,3060.18020215656
283,161,3,2948.724854359185,310.9238313532165,1513.0321036520872,3060.18020215656
284,180,3,2924.342651945152,338.93923437436484,1462.7479846892577,3060.18020215656
285,170,3,2939.226919743098,305.371408326116,1472.525543276119,3060.18020215656
286,183,3,2937.5243020161092,308.132160677698,1504.9283074172101,3060.18020215656
287,180,3,2920.536891584986,339.44847848749373,1613.2125685472824,3060.18020215656
288,196,3,2912.579427082464,357.2717576349247,1319.0104553547176,3060.18020215656
289,162,3,2940.444490574466,310.5475397728112,1482.1293947610066,3060.18020215656
290,193,3,2925.6092466146583,345.98912403291234,1428.2949477395139,3060.18020215656
291,179,3,2914.2359716284063,363.5308589352661,1492.9157640709539,3060.18020215656
292,189,3,2916.9477593235697,312.21503437209526,1491.7243792479098,3060.18020215656
293,180,3,2916.6431100877426,319.57776746724005,1482.1293947610066,3060.18020215656
294,174,3,2935.049202075547,327.1427219571754,1609.805756226503,3060.18020215656
295,179,3,2938.7433071677324,320.2861767805466,1482.6627517855848,3060.18020215656
296,162,3,2916.8543605991667,324.4690388583457,1464.880672961737,3060.18020215656
297,176,3,2917.630682955614,353.95199499889304,1318.7503081437274,3060.18020215656
298,154,3,2918.6620036662957,359.68937063022645,1502.0192262141497,3060.18020215656
299,177,3,2930.150753245841,346.99948558769154,1318.231392898066,3060.18020215656
300,191,3,2890.6026758429475,380.63151177682494,1321.8641373098126,3060.18020215656
301,174,3,2920.151638270175,335.59357308963615,1465.7578256089594,3060.18020215656
302,168,3,2921.3620700478264,341.15146289273144,1407.5002968671372,3060.18020215656
303,173,3,2922.8952760631414,335.54860806852565,1482.6627517855848,3060.18020215656
304,162,3,2921.016495536006,342.5348875266127,1470.594078154744,3060.18020215656
305,185,3,2905.015846302229,371.03422336718654,1459.2305009869444,3060.18020215656
306,185,3,2916.2583481836673,339.1532468161839,1448.8153918354208,3060.18020215656
307,192,3,2918.248209054247,323.4883032308489,1338.93947909274,3060.18020215656
308,186,3,2922.7125425595877,320.4913326431974,1349.8886388335623,3060.18020215656
309,172,3,2955.6454463489977,269.694854406438,1561.7136892132044,3060.18020215656
310,192,3,2878.787563661652,393.8476154343337,1424.5395419569509,3060.18020215656
311,202,3,2904.00862725062,352.003636759654,1390.2538682093739,3060.18020215656
312,174,3,2926.9877811791293,316.0178394690301,1327.6793424598704,3060.18020215656
313,160,3,2915.256897135865,340.7309656800167,1520.6563813145842,3060.18020215656
314,186,3,2938.425348261379,290.3214499260498,1482.1293947610066,3060.18020215656
315,183,3,2895.4651903448175,377.6496687617411,1147.9945033523472,3060.18020215656
316,178,3,2899.697969784278,351.60546770741007,1487.0666995868407,3060.18020215656
317,185,3,2928.481070189437,303.64514604649867,1550.020512035221,3060.18020215656
318,184,3,2905.7046752832593,361.05765008436015,1482.1293947610066,3060.18020215656
319,183,3,2899.026728788629,360.9092763250613,1337.720766760989,3060.18020215656
320,190,3,2947.4566493472003,288.1661546254124,1621.1466157151422,3060.18020215656
321,186,3,2925.7313229026877,332.2333567566569,1454.1711754573298,3060.18020215656
322,194,3,2920.484289583453,319.7776785039421,1414.3567900787539,3060.18020215656
323,191,3,2922.952740724877,317.7289208317591,1491.7243792479098,3060.18020215656
324,185,3,2900.9768652599737,359.2346977630191,1433.0706532190495,3060.18020215656
325,167,3,2908.2554720895732,351.17337028904103,1375.765779573596,3060.18020215656
326,198,3,2920.8412826270305,359.97577040229953,1392.5982245198818,3060.18020215656
327,179,3,2946.7009842288735,303.5486074302162,1472.0480646199549,3060.18020215656
328,186,3,2905.299847042462,359.5597558403188,1428.8868479309012,3060.18020215656
329,180,3,2895.856826374942,365.26058860109123,1327.6793424598704,3060.18020215656
330,199,3,2925.889553690656,324.7922043898749,1320.867224031633,3060.18020215656
331,177,3,2936.2186709633093,315.4396172518541,1371.9847593330082,3060.18020215656
332,160,3,2937.072350765982,317.53199640016015,1552.5090843590506,3060.18020215656
333,174,3,2946.2970281047096,275.42843296427185,1379.8407775911132,3060.18020215656
334,178,3,2921.15414737563,322.8490493541318,1470.0601855029017,3060.18020215656
335,187,3,2899.2554372364843,344.3958884985254,1304.2319245117994,3060.18020215656
336,179,3,2933.829635534684,306.88902850789265,1482.1293947610066,3060.18020215656
337,160,3,2915.3483255033334,335.83037276492155,1497.8532603318313,3060.18020215656
338,171,3,2917.470312775453,329.40519639426947,1453.1533640693149,3060.18020215656
339,190,3,2888.9294978293583,388.2550798252954,1240.3798317199987,3060.18020215656
340,189,3,2909.053168120298,357.974309712229,1435.8472175301233,3060.18020215656
341,175,3,2916.9208379062543,331.7523498886737,1491.7243792479098,3060.18020215656
342,164,3,2928.017994401246,334.9505991152096,1371.9847593330082,3060.18020215656
343,189,3,2908.8555404929275,351.7811055573601,1579.3859448991875,3060.18020215656
344,191,3,2939.906340850245,309.3947371176831,1466.252063116725,3060.18020215656
345,184,3,2916.9697299891973,334.6938993813312,1561.685769391967,3060.18020215656
346,194,3,2915.7916497971887,357.5093402346659,1325.878201402974,3060.18020215656
347,175,3,2922.631830566521,335.13233699752413,1336.399459436962,3060.18020215656
348,180,3,2945.7772256871176,294.7522085863532,1481.4795491276175,3060.18020215656
349,178,3,2937.0122250629715,302.098210919977,1457.8779424388529,3060.18020215656
350,192,3,2947.366561007677,306.0249663095076,1481.9843841887523,3060.18020215656
351,174,3,2918.718051656126,338.1800909237506,1486.7394511894947,3060.18020215656
352,164,3,2919.101926366991,328.7160083253312,1460.4943662265935,3060.18020215656
353,199,3,2925.029300230119,332.3375850936792,1360.8306416720418,3060.18020215656
354,181,3,2924.6124900964305,335.74083396923675,1496.9893009973748,3060.18020215656
355,193,3,2906.390074384201,349.9692159511688,1415.734112194814,3060.18020215656
356,214,3,2927.705137653482,316.4333623461279,1347.8204794603976,3060.18020215656
357,175,3,2906.5565456940053,351.2244358380247,1481.4795491276175,3060.18020215656
358,175,3,2937.374384464297,303.54261092550087,1347.8204794603976,3060.18020215656
359,181,3,2946.459795219906,299.86874448214223,1601.6080845646907,3060.18020215656
360,176,3,2919.999223194851,361.54694015716,1511.4393512317126,3060.18020215656
361,190,3,2922.955754782561,306.94251067233586,1467.959561091775,3060.18020215656
362,175,3,2902.3006867397203,368.5723435031883,1328.131767930349,3060.18020215656
363,186,3,2922.8629054034336,332.7063642888894,1328.131767930349,3060.18020215656
364,182,3,2890.1343422195146,360.90796108857694,1421.1714150496402,3060.18020215656
365,179,3,2921.0555914746283,327.46891853432516,1600.0261277431039,3060.18020215656
366,172,3,2944.555538021265,298.33117544855173,1533.491609705001,3060.18020215656
367,175,3,2934.1248258235414,315.8959952695086,1332.1174540791087,3060.18020215656
368,188,3,2924.680528737332,315.88757498189733,1471.7685869915945,3060.18020215656
369,178,3,2935.3533536774494,309.93571860236676,1613.6864029510186,3060.18020215656
370,177,3,2925.746631858734,334.729214598152,1356.478271206163,3060.18020215656
371,159,3,2914.368263443285,350.3903234847308,1312.8036831863649,3060.18020215656
372,185,3,2930.0462615395027,305.3317443051824,1380.6113207189185,3060.18020215656
373,188,3,2867.553505375314,410.92780289203296,1434.8850078911485,3060.18020215656
374,172,3,2908.3443186787804,367.4516830645897,1437.6440313748417,3060.18020215656
375,159,3,2914.8109307041136,360.1745857123564,1379.2178536864337,3060.18020215656
376,180,3,2918.5133222346076,334.1461132920003,1507.6127233113357,3060.18020215656
377,179,3,2910.0890105814233,325.2426428070588,1601.3591625395268,3060.18020215656
378,191,3,2865.2225310034682,425.69641072057095,1271.2473613974241,3060.18020215656
379,195,3,2922.7543999520744,324.98491968944984,1335.2361320393302,3060.18020215656
380,182,3,2906.4482357147963,362.30501319279483,1360.8306416720418,3060.18020215656
381,193,3,2919.0868643137555,311.72380194558536,1470.0079537827166,3060.18020215656
382,175,3,2930.1770778848254,323.19158937453193,1336.8606027248081,3060.18020215656
383,186,3,2947.659315424005,302.78848485874937,1600.0261277431039,3060.18020215656
384,204,3,2879.5445224532837,362.9850922254272,1485.0748740205881,3060.18020215656
385,181,3,2926.5394633106016,329.5365970954737,1501.9939448937514,3060.18020215656
386,171,3,2938.427533493977,303.86756424980683,1491.7243792479098,3060.18020215656
387,204,3,2935.581149585599,314.51773046431776,1617.067992836755,3060.18020215656
388,184,3,2905.7920195084366,365.9363982927058,1377.6260739108423,3060.18020215656
389,166,3,2951.7700944934886,294.60822751620015,1490.8734252138338,3060.18020215656
390,194,3,2909.123671172506,330.67232548817105,1481.9843841887523,3060.18020215656
391,180,3,2907.184708200772,333.52764447761706,1590.6085976796371,3060.18020215656
392,181,3,2921.130204057707,331.6333151374789,1415.734112194814,3060.18020215656
393,191,3,2921.219449598405,339.66001035263287,1445.9113301944112,3060.18020215656
394,192,3,2894.269716938127,387.47486043468325,1264.0298510533692,3060.18020215656
395,183,3,2852.288755225177,413.7576478028147,1371.9847593330082,3060.18020215656
396,171,3,2936.73965569502,306.2967254454164,1483.1679900397212,3060.18020215656
397,170,3,2945.209639572181,333.27563445755453,1366.483895720637,3060.18020215656
398,189,3,2929.019299206022,320.5019833501127,1481.4795491276175,3060.18020215656
399,181,3,2922.0556367274257,314.1666331802646,1421.6113937992156,3060.18020215656
400,185,3,2925.8488232334244,338.59851582286376,1496.5106978121553,3060.18020215656
401,189,3,2962.8132214632064,263.4586472678807,1557.1955896548964,3060.18020215656
402,188,3,2920.447742671004,355.70821454040504,1242.4898646238714,3060.18020215656
403,175,3,2914.2001266611214,334.4793690393129,1356.478271206163,3060.18020215656
404,180,3,2937.8749446158677,302.86684287993796,1600.2871922624154,3060.18020215656
405,184,3,2924.679796450939,332.608982070792,1406.4988230168528,3060.18020215656
406,179,3,2897.8165651586405,368.7906534902803,1491.7243792479098,3060.18020215656
407,153,3,2923.423518212991,335.8694309274875,1468.197259534451,3060.18020215656
408,183,3,2940.676081449548,301.6077209419644,1610.6419651849048,3060.18020215656
409,179,3,2959.2375863292477,297.6102508483946,1412.9902641343187,3060.18020215656
410,188,3,2921.8229516146175,331.0078120340973,1565.0462975799653,3060.18020215656
411,184,3,2909.0582417316778,346.28166735323765,1481.4795491276175,3060.18020215656
412,181,3,2937.669333516669,304.1209422866747,1601.6080845646907,3060.18020215656
413,196,3,2931.275313480854,311.0820410549472,1519.81088048439,3060.18020215656
414,193,3,2888.957265983431,386.75478083431847,1318.7503081437274,3060.18020215656
415,193,3,2901.5481935470293,374.1844328135756,1358.867958664194,3060.18020215656
416,169,3,2916.680775423838,334.46262792708717,1350.902347855891,3060.18020215656
417,178,3,2921.4963678032386,319.0083721037078,1436.0866542617762,3060.18020215656
418,176,3,2923.7012331966193,336.6805439549913,1392.5982245198818,3060.18020215656
419,175,3,2918.524757473244,340.5644022418255,1340.687405408037,3060.18020215656
420,172,3,2959.4262165565237,281.98495176408204,1382.454093094418,3060.18020215656
421,183,3,2903.0169402975,366.8739527457395,1328.4565260887298,3060.18020215656
422,170,3,2935.0481778206936,323.4158311353109,1319.0104553547176,3060.18020215656
423,188,3,2925.38936194869,317.16805407623104,1418.476841692371,3060.18020215656
424,174,3,2944.0867495993916,297.6057838342101,1589.0375053844468,3060.18020215656
425,185,3,2924.9679075952486,342.33912301510003,1381.4007887340176,3060.18020215656
426,193,3,2914.5943137689464,338.03633912313995,1433.9631057459067,3060.18020215656
427,176,3,2940.7546322103635,307.98325854162704,1622.7639301363113,3060.18020215656
428,190,3,2934.335061102371,316.92796761021435,1481.4795491276175,3060.18020215656
429,177,3,2923.857455860502,344.0052207558202,1484.3915897931092,3060.18020215656
430,185,3,2917.4789133606037,334.71055803156077,1482.5480550091143,3060.18020215656
431,182,3,2890.423282403668,395.27789182623815,1256.0731683976044,3060.18020215656
432,173,3,2902.4890875049573,348.4089710144099,1520.6563813145842,3060.18020215656
433,175,3,2909.7790587893014,347.1988730648875,1356.478271206163,3060.18020215656
434,186,3,2939.694990274464,310.5984138200816,1433.9631057459067,3060.18020215656
435,170,3,2951.3402735673526,298.2724452230512,1584.455572360895,3060.18020215656
436,182,3,2925.1504918657397,322.71272893875687,1506.670254951843,3060.18020215656
437,190,3,2910.3163725845066,339.05251171797994,1471.0423174905404,3060.18020215656
438,172,3,2950.2903662686585,306.85148257200933,1467.959561091775,3060.18020215656
439,183,3,2929.077522086546,342.9965494363526,1478.849776913708,3060.18020215656
440,186,3,2909.026558980102,328.15560385214997,1466.1496333902448,3060.18020215656
441,181,3,2933.5023107321476,312.50150249989554,1435.3104155308138,3060.18020215656
442,183,3,2933.2923564083517,323.0646826909778,1460.4943662265935,3060.18020215656
443,168,3,2908.0940371231145,356.6170163499849,1368.29056749797,3060.18020215656
444,183,3,2911.1455638100383,339.15881569003085,1338.5639492080165,3060.18020215656
445,189,3,2921.660822251993,331.6502552469607,1610.6419651849048,3060.18020215656
446,197,3,2926.5634823218693,337.16167369987903,1315.471749865471,3060.18020215656
447,192,3,2951.4970851384437,291.46039275321135,1541.9267310674643,3060.18020215656
448,181,3,2907.33692208902,360.81245298184547,1370.2124534481,3060.18020215656
449,176,3,2882.192042451859,395.27214604132587,1349.749186950722,3060.18020215656
450,164,3,2941.5773204293646,311.65477309942094,1539.6517057547196,3060.18020215656
451,181,3,2904.5686175607316,354.94433619546874,1467.959561091775,3060.18020215656
452,166,3,2946.5750379129536,309.9397571377386,1493.1992573869356,3060.18020215656
453,187,3,2915.5950624173583,343.716195335033,1576.7885072134054,3060.18020215656
454,168,3,2897.913270530777,382.6936821787055,1309.3132296850886,3060.18020215656
455,166,3,2944.198463054304,308.9173378315929,1327.684311818744,3060.18020215656
456,189,3,2918.06586945481,363.53492952942844,1414.8294662719202,3060.18020215656
457,188,3,2914.520163334273,340.1445483644612,1481.9843841887523,3060.18020215656
458,184,3,2930.2640719429673,329.4145824378834,1392.5982245198818,3060.18020215656
459,163,3,2920.305098845816,343.2626401183402,1325.878201402974,3060.18020215656
460,188,3,2917.339620226136,329.58157386237696,1451.2842577989277,3060.18020215656
461,170,3,2906.0189830792774,328.0386624792843,1280.0781424739994,3060.18020215656
462,189,3,2901.451659530665,349.7693130033974,1482.6627517855848,3060.18020215656
463,181,3,2924.2492876926963,352.33981011732885,1336.8606027248081,3060.18020215656
464,179,3,2944.3418522141124,290.6641427282134,1478.849776913708,3060.18020215656
465,182,3,2924.1733609427292,328.5371284550303,1447.7352766348586,3060.18020215656
466,194,3,2922.0742149483535,327.2688275361746,1360.8306416720418,3060.18020215656
467,189,3,2935.0633130215488,318.20130067771464,1414.1904378677748,3060.18020215656
468,173,3,2932.8540846101464,318.11512352581923,1482.6627517855848,3060.18020215656
469,191,3,2923.7460765244764,322.04422875877265,1491.7243792479098,3060.18020215656
470,197,3,2937.5102032283717,304.3339058978696,1482.6627517855848,3060.18020215656
471,192,3,2923.4112805877817,320.2701110854503,1481.9843841887523,3060.18020215656
472,187,3,2928.4082481177898,326.137403762478,1343.3321459809217,3060.18020215656
473,195,3,2916.297945684349,340.9276971254773,1416.8618658230296,3060.18020215656
474,185,3,2922.6156580498714,305.0583264657156,1605.6477139462947,3060.18020215656
475,192,3,2900.7181239355655,357.06131009353743,1480.6866474367507,3060.18020215656
476,200,3,2925.7374209439195,325.14070677396734,1461.0484577076472,3060.18020215656
477,178,3,2908.713124989342,362.6343979032479,1427.7994483115872,3060.18020215656
478,187,3,2936.1276216064457,308.88854557178536,1486.7394511894947,3060.18020215656
479,187,3,2902.9435601330006,362.43342589543556,1402.155725604841,3060.18020215656
480,160,3,2942.9390714023843,288.7734922447756,1434.1529374610982,3060.18020215656
481,191,3,2934.66570815148,303.93765458159913,1601.6080845646907,3060.18020215656
482,187,3,2931.8415611854366,307.8948342395773,1600.0261277431039,3060.18020215656
483,166,3,2937.4878365653076,311.2714095680647,1516.7286071078404,3060.18020215656
484,187,3,2879.276097674287,391.9036470858595,1370.2124534481,3060.18020215656
485,175,3,2920.842118310651,342.4377031417104,1360.8306416720418,3060.18020215656
486,177,3,2926.7690949334906,316.61967629154486,1414.8294662719202,3060.18020215656
487,182,3,2961.884625585518,300.8219235717706,1327.6793424598704,3060.18020215656
488,207,3,2892.906295529174,354.48364522453465,1482.1293947610066,3060.18020215656
489,186,3,2921.2490597230935,343.4053781386323,1467.2426937605082,3060.18020215656
490,196,3,2897.637778326736,350.80006275279777,1471.7610412468791,3060.18020215656
491,190,3,2945.8421929378046,302.06263203891206,1313.988400051017,3060.18020215656
492,179,3,2877.995699536423,382.8259648691005,1424.2602207391235,3060.18020215656
493,188,3,2927.5428502311247,317.4936516026983,1470.594078154744,3060.18020215656
494,179,3,2881.5285297309247,376.2811430380286,1445.6684734766873,3060.18020215656
495,168,3,2942.531074624311,287.6656084708552,1617.067992836755,3060.18020215656
496,175,3,2906.2735545465816,347.25202747917666,1392.9053954073358,3060.18020215656
497,185,3,2913.1903284977875,353.33353606508024,1482.1293947610066,3060.18020215656
498,180,3,2926.7427675790673,317.52362420257793,1564.8951698661044,3060.18020215656
499,182,3,2928.698995594783,332.67411031277214,1468.3619368916645,3060.18020215656
500,166,3,2929.4181379080687,317.8009830670432,1488.3615261450007,3060.18020215656
501,171,3,2940.810720504721,315.9429350011394,1547.8789818038213,3060.18020215656
502,167,3,2923.8174341360827,324.4602358937561,1379.2843497129547,3060.18020215656
503,174,3,2931.0324768150845,322.61218350027775,1601.6080845646907,3060.18020215656
504,190,3,2926.148599913438,339.8122695885451,1459.2395416604434,3060.18020215656
505,162,3,2921.66998151846,333.3741014474697,1516.7447797130694,3060.18020215656
506,182,3,2893.3900663415,362.25226926623236,1516.7286071078404,3060.18020215656
507,184,3,2921.2656124761356,333.0104983510488,1370.2124534481,3060.18020215656
508,153,3,2936.3930000417818,337.96046809912383,1540.9247139299564,3060.18020215656
509,177,3,2948.8599328678506,303.029563120198,1493.1992573869356,3060.18020215656
510,179,3,2928.9862078756123,312.93494476928754,1491.7243792479098,3060.18020215656
511,186,3,2919.2880189526095,349.1065394492789,1392.5982245198818,3060.18020215656
512,178,3,2908.6016142711564,342.86503315533645,1457.8779424388529,3060.18020215656
513,184,3,2921.2334846450826,323.89067999276455,1613.2125685472824,3060.18020215656
514,179,3,2950.123120538624,299.11643767533064,1381.9302991525499,3060.18020215656
515,184,3,2907.1679026179204,361.3350833712753,1309.1247072795434,3060.18020215656
516,161,3,2922.2460085584885,342.4699901806732,1445.9113301944112,3060.18020215656
517,189,3,2918.5717123149166,357.2092342808543,1392.5982245198818,3060.18020215656
518,185,3,2901.913850676034,350.91126855042313,1610.6419651849048,3060.18020215656
519,175,3,2920.885069849815,329.1278958923972,1470.594078154744,3060.18020215656
520,205,3,2896.346733953609,363.9685566151381,1466.0506187141937,3060.18020215656
521,177,3,2909.0666049915394,356.17245821464905,1328.9920281443515,3060.18020215656
522,172,3,2908.259564404587,340.8240351975731,1328.131767930349,3060.18020215656
523,178,3,2914.168697558619,342.20088792669304,1481.4795491276175,3060.18020215656
524,195,3,2904.2859514668457,352.99705565285615,1357.070667682643,3060.18020215656
525,174,3,2949.2000971288785,277.93957250013807,1539.470502905609,3060.18020215656
526,192,3,2893.062347903113,366.47850355084597,1242.4898646238714,3060.18020215656
527,185,3,2954.1189162010637,286.064109584394,1491.7243792479098,3060.18020215656
528,175,3,2941.148746734558,308.930734934463,1552.5090843590506,3060.18020215656
529,179,3,2914.7962721178246,352.36762691128234,1482.6627517855848,3060.18020215656
530,185,3,2920.6574899949233,350.3651564355285,1465.7578256089594,3060.18020215656
531,185,3,2943.601565013507,302.0452849452237,1421.4574217986012,3060.18020215656
532,186,3,2909.937308078512,337.26783253962844,1492.3474620087618,3060.18020215656
533,171,3,2919.519833229198,336.44299673172696,1491.7243792479098,3060.18020215656
534,194,3,2915.6943072183344,348.4221608411816,1390.7239758088763,3060.18020215656
535,179,3,2916.46572618811,333.1644112136449,1377.159553350425,3060.18020215656
536,177,3,2940.5710067696787,332.03422336540166,1414.8294662719202,3060.18020215656
537,159,3,2928.9841003231213,305.72007832679157,1527.3469037233822,3060.18020215656
538,178,3,2930.64075590344,323.63193155970436,1491.931621461028,3060.18020215656
539,170,3,2914.1377188234155,352.14607271589466,1486.7394511894947,3060.18020215656
540,170,3,2888.385513905252,379.1871974949082,1476.0880992115592,3060.18020215656
541,175,3,2926.385570577221,341.36301965819627,1336.0008882235356,3060.18020215656
542,177,3,2909.502219302538,357.4613144579446,1481.9843841887523,3060.18020215656
543,196,3,2936.151169168756,297.17118316561744,1613.7622934936348,3060.18020215656
544,180,3,2946.5110542433194,289.03923707241614,1491.7243792479098,3060.18020215656
545,171,3,2919.6505972313394,347.31201683257035,1606.6825669623058,3060.18020215656
546,176,3,2936.618288420594,346.91418680597764,1491.7243792479098,3060.18020215656
547,188,3,2935.078329878581,317.8024252809874,1460.1020164015235,3060.18020215656
548,188,3,2953.505935783763,277.2810945707086,1370.6976176050887,3060.18020215656
549,186,3,2913.9569687963854,335.03882635831775,1613.2125685472824,3060.18020215656
550,178,3,2915.2415867125133,339.8081994651437,1471.7610412468791,3060.18020215656
551,171,3,2901.281727324831,360.5565364733699,1472.981923290934,3060.18020215656
552,188,3,2899.3215257844777,351.6147396288766,1482.1293947610066,3060.18020215656
553,177,3,2922.2117006174158,332.21246501444966,1587.2863042672107,3060.18020215656
554,156,3,2951.349734541156,284.9586951696474,1445.9426195463332,3060.18020215656
555,172,3,2916.6653419781405,347.01995366749554,1471.2507702124556,3060.18020215656
556,195,3,2913.5046129949524,343.5307134491772,1490.0733907969343,3060.18020215656
557,174,3,2945.531905037491,283.0312788026882,1613.7622934936348,3060.18020215656
558,176,3,2924.645295428713,344.8744405779661,1470.594078154744,3060.18020215656
559,201,3,2920.499299078403,321.00032403733024,1356.478271206163,3060.18020215656
560,191,3,2903.332292952768,373.4869985149584,1357.070667682643,3060.18020215656
561,173,3,2924.3565985326004,325.19328222831683,1465.7578256089594,3060.18020215656
562,188,3,2890.333345785693,348.75148418398453,1470.594078154744,3060.18020215656
563,155,3,2930.344344288091,311.99396576409225,1610.093303172244,3060.18020215656
564,177,3,2869.7966614203087,392.30509685463323,1316.7723658193117,3060.18020215656
565,188,3,2918.0696469840514,338.5610953642987,1467.959561091775,3060.18020215656
566,164,3,2937.854439257312,312.57494073851,1596.388675180939,3060.18020215656
567,173,3,2922.102558398538,337.24601879600795,1481.9843841887523,3060.18020215656
568,156,3,2949.334705149322,294.7428274559654,1470.594078154744,3060.18020215656
569,181,3,2931.1638093759802,306.05605908516105,1456.4782567005418,3060.18020215656
570,194,3,2946.7028535590457,314.6380298501315,1368.1721407384268,3060.18020215656
571,191,3,2907.2683615761607,344.4602065282914,1470.594078154744,3060.18020215656
572,199,3,2902.568516022937,346.86375730249904,1400.0817533616237,3060.18020215656
573,164,3,2931.3889564131164,338.83576698785765,1388.7005627277435,3060.18020215656
574,180,3,2922.615165033798,320.3500374403304,1464.880672961737,3060.18020215656
575,181,3,2916.9251450041565,337.26393664450023,1440.1818889648362,3060.18020215656
576,188,3,2879.2254275925698,380.9140212379422,1471.7610412468791,3060.18020215656
577,177,3,2933.345727923698,317.9192598323248,1613.2125685472824,3060.18020215656
578,179,3,2904.412712320517,354.9674368296062,1521.3675260731054,3060.18020215656
579,176,3,2905.7157882850593,358.5678079226755,1477.0267254483415,3060.18020215656
580,178,3,2938.542728712273,312.3492948725871,1459.9450356236548,3060.18020215656
581,200,3,2912.3080655850354,364.42194750633155,1472.981923290934,3060.18020215656
582,174,3,2939.012931760483,347.0456218594342,1298.8682214742305,3060.18020215656
583,180,3,2942.234041258785,321.46701166048905,1468.3619368916645,3060.18020215656
584,183,3,2919.612948676623,332.2263312901171,1491.7243792479098,3060.18020215656
585,188,3,2903.5782875708273,347.90553652721644,1347.8204794603976,3060.18020215656
586,192,3,2919.673227652104,318.3387232912172,1392.5982245198818,3060.18020215656
587,190,3,2915.8371216622777,330.3984246380517,1454.2534975630088,3060.18020215656
588,154,3,2923.941837995734,316.0957773757432,1493.1992573869356,3060.18020215656
589,197,3,2915.828100719279,339.27625965493723,1356.478271206163,3060.18020215656
590,187,3,2909.902923686058,361.2620844727814,1491.9110226034497,3060.18020215656
591,179,3,2947.4412800892565,296.9328163578923,1338.5639492080165,3060.18020215656
592,190,3,2938.0716702587583,311.4252178720523,1491.7243792479098,3060.18020215656
593,157,3,2933.9671827266625,341.53633881843496,1420.5524425428316,3060.18020215656
594,192,3,2915.5959268823963,352.719462382703,1486.8040575236487,3060.18020215656
595,188,3,2940.6577091127115,317.70523866386736,1484.725127259136,3060.18020215656
596,179,3,2887.845844852713,382.9311057088459,1338.5639492080165,3060.18020215656
597,179,3,2957.558940500256,294.1729666799917,1356.478271206163,3060.18020215656
598,157,3,2924.399394119625,313.392291098183,1576.7539476233433,3060.18020215656
599,191,3,2903.19170683437,359.3524728666773,1490.0733907969343,3060.18020215656
600,187,3,2922.923157057689,324.6520034770172,1368.718414582498,3060.18020215656
601,186,3,2919.8863971325404,313.70358072038715,1605.6477139462947,3060.18020215656
602,183,3,2899.3259276275553,351.1236227574192,1601.6080845646907,3060.18020215656
603,178,3,2883.4973667164954,368.74188157072564,1452.1171094037868,3060.18020215656
604,196,3,2885.6423989006817,366.15890317405757,1345.7989359160465,3060.18020215656
605,182,3,2919.5136170181195,343.5445412074733,1332.2336110336785,3060.18020215656
606,180,3,2912.784303541234,347.1858433741714,1438.3346919964015,3060.18020215656
607,176,3,2902.343087742374,362.3205559541982,1287.8026815584512,3060.18020215656
608,186,3,2931.1625243389367,325.45541762943867,1491.7243792479098,3060.18020215656
609,183,3,2875.156400376086,389.5023523461043,1286.4504482881664,3060.18020215656
610,153,3,2947.5175953516873,303.57158489536926,1472.525543276119,3060.18020215656
611,189,3,2924.7912078802606,340.79426185697747,1472.0480646199549,3060.18020215656
612,185,3,2959.343512309054,284.19480776273167,1516.7286071078404,3060.18020215656
613,172,3,2951.0855183412978,296.65050766140934,1471.8064461807976,3060.18020215656
614,188,3,2929.8314213807043,325.463303660641,1370.2124534481,3060.18020215656
615,191,3,2885.614286276212,381.1116719689933,1492.3474620087618,3060.18020215656
616,191,3,2893.585836235154,389.2749945632939,1437.2541454584718,3060.18020215656
617,166,3,2937.9031511243575,288.22115826130994,1527.1852075631066,3060.18020215656
618,187,3,2905.321805606323,350.1873293733108,1472.0480646199549,3060.18020215656
619,165,3,2927.0527584695924,315.5600956713077,1449.9995242214025,3060.18020215656
620,169,3,2960.360236228177,274.43883451817857,1481.4795491276175,3060.18020215656
621,180,3,2932.337441844244,309.0397688680039,1345.6146722729677,3060.18020215656
622,160,3,2944.4764133564536,326.12311050276367,1481.9843841887523,3060.18020215656
623,176,3,2928.7895446189764,312.617629138143,1469.7234215631622,3060.18020215656
624,167,3,2958.606125807404,290.6985548748999,1610.6419651849048,3060.18020215656
625,178,3,2940.3883289797677,274.69133665525345,1613.2125685472824,3060.18020215656
626,184,3,2934.348841531802,307.82271671163227,1533.7455270285775,3060.18020215656
627,171,3,2940.1320059481727,273.7955985961686,1601.6080845646907,3060.18020215656
628,185,3,2932.380137729158,303.55180185186885,1587.9876288819612,3060.18020215656
629,189,3,2897.444291485499,350.7366575412262,1346.9957666408864,3060.18020215656
630,172,3,2910.29299482183,332.5315574454514,1561.7136892132044,3060.18020215656
631,186,3,2940.2116685506885,316.08503038356895,1470.594078154744,3060.18020215656
632,165,3,2914.1748560495435,330.4111314885001,1460.4943662265935,3060.18020215656
633,183,3,2934.5879850150736,309.89633757728694,1496.9893009973748,3060.18020215656
634,164,3,2933.7490038984824,325.2230641523237,1486.0773108771255,3060.18020215656
635,182,3,2940.4055273829654,306.902829438389,1610.6419651849048,3060.18020215656
636,168,3,2948.425335405975,306.88608625213266,1564.2187997664732,3060.18020215656
637,184,3,2931.717189575364,305.34447564063066,1612.906289945697,3060.18020215656
638,185,3,2922.2394315700926,301.86029434413166,1617.067992836755,3060.18020215656
639,181,3,2945.8019147378113,277.6674562270544,1548.180291874361,3060.18020215656
640,178,3,2924.355295802857,345.96273178479925,1242.8282246057288,3060.18020215656
641,182,3,2906.9927976615736,353.04894382474595,1482.944298132741,3060.18020215656
642,177,3,2915.680435793039,331.44108842065475,1405.9500838700287,3060.18020215656
643,187,3,2932.1309973509974,304.58506441741395,1453.3961673413155,3060.18020215656
644,186,3,2927.2445963266173,319.5392924729125,1340.687405408037,3060.18020215656
645,175,3,2916.1064926447543,338.06134171490294,1492.9157640709539,3060.18020215656
646,183,3,2929.441344702302,327.1393451366385,1612.3098596032946,3060.18020215656
647,188,3,2901.5684517589584,363.8224567277211,1509.6736966172011,3060.18020215656
648,188,3,2888.6283996923526,367.34193089223993,1352.4819863694224,3060.18020215656
649,178,3,2927.111525959294,336.0334193525098,1384.2049695986996,3060.18020215656
650,181,3,2922.1461284683705,329.561097409435,1328.3049647083467,3060.18020215656
651,188,3,2897.113181562798,374.14542373574903,1379.2843497129547,3060.18020215656
652,176,3,2957.5817811766083,274.60680595469387,1500.0229870417215,3060.18020215656
653,185,3,2900.1384760347983,360.84060613379603,1432.4178219005555,3060.18020215656
654,185,3,2925.935672908504,326.17320798771203,1414.8294662719202,3060.18020215656
655,186,3,2915.0262999634188,342.9498140450645,1319.0104553547176,3060.18020215656
656,187,3,2949.0306690402394,301.3189974727896,1462.2359483423031,3060.18020215656
657,180,3,2913.901242136076,353.6029657187725,1478.4601235674995,3060.18020215656
658,174,3,2907.4119257979833,357.38435529197966,1411.2834566778915,3060.18020215656
659,185,3,2945.3460364944463,296.9350811075179,1543.3150058622412,3060.18020215656
660,175,3,2925.4664195280143,327.77486466092716,1295.860426198388,3060.18020215656
661,190,3,2956.955215826005,264.8015849336133,1460.9036382743416,3060.18020215656
662,177,3,2932.5968202428703,335.9391206180033,1360.8306416720418,3060.18020215656
663,180,3,2908.541704799976,348.9571856734208,1497.8246621862263,3060.18020215656
664,163,3,2908.8847286657297,344.21565110829306,1384.3003303990984,3060.18020215656
665,164,3,2931.9234759454507,325.3241121312371,1519.1090914317613,3060.18020215656
666,169,3,2902.3809722916076,380.18032171944657,1349.9321860012535,3060.18020215656
667,200,3,2938.5243349150137,296.04014187350407,1617.067992836755,3060.18020215656
668,188,3,2945.09629840927,313.6460078355982,1404.206787290899,3060.18020215656
669,177,3,2949.6417144407424,289.2186037545064,1512.4610855276044,3060.18020215656
670,171,3,2896.237118496085,358.8586210879611,1262.487983649286,3060.18020215656
671,184,3,2891.496098521898,365.87074039585497,1414.7012803555353,3060.18020215656
672,189,3,2906.5327126084976,372.5324079279569,1396.648096510738,3060.18020215656
673,180,3,2893.4159322897644,376.5858128819728,1491.7243792479098,3060.18020215656
674,178,3,2930.1836054841065,313.16357555044965,1416.3646609709078,3060.18020215656
675,180,3,2936.875330361928,306.7244835732313,1370.2124534481,3060.18020215656
676,167,3,2908.2718279705928,332.2951993891892,1327.8698217313238,3060.18020215656
677,173,3,2969.01211344097,254.83573473384726,1547.5011193863572,3060.18020215656
678,187,3,2952.2665440278997,287.9536993426583,1467.959561091775,3060.18020215656
679,190,3,2903.6727253325803,351.10518923336144,1466.7950622897545,3060.18020215656
680,190,3,2895.075559876769,356.5304003743499,1358.867958664194,3060.18020215656
681,185,3,2897.057227673918,359.1745422118036,1463.1809175846897,3060.18020215656
682,178,3,2914.222524121893,350.5061347876936,1327.6793424598704,3060.18020215656
683,195,3,2895.3942579365985,336.28529971385314,1478.849776913708,3060.18020215656
684,181,3,2912.9135111641144,334.197091419208,1357.819430589289,3060.18020215656
685,149,3,2948.6203988492603,308.5948490305404,1472.525543276119,3060.18020215656
686,179,3,2912.6801689596364,340.24212401087345,1491.7243792479098,3060.18020215656
687,160,3,2939.7077076781347,316.6594417498758,1435.1083587864532,3060.18020215656
688,186,3,2921.921002801911,346.1594240187617,1436.0866542617762,3060.18020215656
689,189,3,2916.1355353161857,350.11791578350477,1360.8306416720418,3060.18020215656
690,173,3,2922.739957637433,335.8584719174477,1491.7243792479098,3060.18020215656
691,172,3,2919.917600774261,335.52451962193936,1599.5804356238928,3060.18020215656
692,155,3,2942.073484196181,290.11085507505044,1583.1751616980566,3060.18020215656
693,163,3,2946.7841217985347,300.38623981134094,1389.4851815693492,3060.18020215656
694,174,3,2897.8203803456677,376.3013221224909,1458.076497706233,3060.18020215656
695,156,3,2938.7291114321197,321.9597829508474,1470.3169594541152,3060.18020215656
696,160,3,2914.272327316759,354.4701119216464,1451.5135793726286,3060.18020215656
697,183,3,2916.1001491425623,358.53310541305007,1464.4243849678655,3060.18020215656
698,187,3,2893.885469957757,373.0347260665083,1409.0344533336536,3060.18020215656
699,177,3,2931.756171506883,326.6142204841907,1372.8669929422185,3060.18020215656
700,188,3,2923.691042112713,327.16132627351135,1252.1176216504045,3060.18020215656
701,164,3,2920.17699524676,338.31885278740344,1601.3591625395268,3060.18020215656
702,210,3,2892.7853300775705,350.99677818169795,1452.1171094037868,3060.18020215656
703,187,3,2921.195696261586,328.3492347474312,1385.1725456162997,3060.18020215656
704,159,3,2938.618349670582,302.0179097659173,1477.3890721912248,3060.18020215656
705,185,3,2923.889536978902,308.00709737328157,1613.7622934936348,3060.18020215656
706,174,3,2933.443871811066,305.6438499324368,1491.7243792479098,3060.18020215656
707,175,3,2928.7829450810227,331.93083617484535,1482.1293947610066,3060.18020215656
708,184,3,2917.8029831079516,336.1500983240337,1491.7243792479098,3060.18020215656
709,178,3,2875.929074482997,380.2482740700878,1281.14356145114,3060.18020215656
710,174,3,2932.7439480761,322.3024629160518,1491.7243792479098,3060.18020215656
711,175,3,2904.828678849917,353.01689937297783,1371.9847593330082,3060.18020215656
712,178,3,2945.718376390076,301.55230707884044,1420.5281404575635,3060.18020215656
713,186,3,2901.2815378113273,347.76622863779124,1357.2001923268763,3060.18020215656
714,184,3,2925.286015067509,318.83523328270576,1494.2085470704112,3060.18020215656
715,166,3,2895.501029436686,357.72075755854286,1361.9728378133348,3060.18020215656
716,181,3,2927.6851517349014,319.1440183365267,1327.6793424598704,3060.18020215656
717,176,3,2914.7653132202463,334.4550094755421,1371.9136364118488,3060.18020215656
718,190,3,2885.554097313859,379.90694505841765,1330.9458588277744,3060.18020215656
719,174,3,2920.888574046789,316.5622483559936,1449.2101950226324,3060.18020215656
720,190,3,2956.5078233876266,291.7291637023993,1481.9843841887523,3060.18020215656
721,189,3,2935.701432611051,306.36948007352885,1383.2482631699334,3060.18020215656
722,203,3,2909.959798821059,341.28338151046574,1481.9843841887523,3060.18020215656
723,196,3,2922.8653580741334,337.90900277963743,1491.7243792479098,3060.18020215656
724,172,3,2913.8254633886054,342.60989427432753,1527.3863179977523,3060.18020215656
725,181,3,2955.3134443889708,280.0185726357455,1617.067992836755,3060.18020215656
726,181,3,2940.128569184362,313.51622003718325,1470.594078154744,3060.18020215656
727,168,3,2900.1415800770587,370.52488561186954,1319.0104553547176,3060.18020215656
728,170,3,2923.629832833451,342.83398628619915,1392.5982245198818,3060.18020215656
729,204,3,2903.286709975002,367.657976163659,1327.8698217313238,3060.18020215656
730,197,3,2896.264101416108,366.10356658943067,1317.416269771887,3060.18020215656
731,158,3,2904.9545629231693,351.60042358871976,1379.2843497129547,3060.18020215656
732,183,3,2921.2012285631617,323.1888663201371,1481.433845780411,3060.18020215656
733,171,3,2909.8582515257467,351.97223414239187,1386.278751842018,3060.18020215656
734,190,3,2887.906802835486,381.5780837296363,1414.8294662719202,3060.18020215656
735,162,3,2945.6669734371653,289.59420717268165,1485.9675696200538,3060.18020215656
736,178,3,2922.6765067888377,348.1434317410088,1327.6793424598704,3060.18020215656
737,180,3,2901.6635691768506,354.2146438965092,1287.774267529254,3060.18020215656
738,169,3,2905.0318015074677,352.65374382461823,1587.5251692565623,3060.18020215656
739,172,3,2922.6901390200815,310.9741613362414,1602.603964870873,3060.18020215656
740,176,3,2918.339473282827,331.0039666533294,1379.2178536864337,3060.18020215656
741,182,3,2909.367803398547,358.616798131699,1454.5901486654643,3060.18020215656
742,163,3,2941.0857719191786,327.09164501502806,1461.660808798874,3060.18020215656
743,172,3,2924.465915287743,330.96562673962006,1467.8834628906704,3060.18020215656
744,166,3,2934.3794789562617,312.6844700575207,1370.2124534481,3060.18020215656
745,180,3,2944.4311635617732,295.0287413891892,1506.7527057728594,3060.18020215656
746,182,3,2909.2005314514845,359.9524567799048,1471.8064461807976,3060.18020215656
747,195,3,2917.237239878536,325.16943951854756,1482.6627517855848,3060.18020215656
748,174,3,2931.601150162778,315.946534052178,1371.9847593330082,3060.18020215656
749,170,3,2919.535274225347,325.6421380221854,1488.420486892674,3060.18020215656
750,192,3,2959.8692674876725,294.0611825984446,1452.1171094037868,3060.18020215656
751,182,3,2930.6913295841778,310.764402365655,1437.7049455219592,3060.18020215656
752,180,3,2928.947996094216,321.91186853564835,1474.1971196342934,3060.18020215656
753,188,3,2901.3844996172556,347.2802115033682,1467.2426937605082,3060.18020215656
754,197,3,2911.6398516018803,341.73541240056136,1506.8279123558257,3060.18020215656
755,190,3,2867.182982538003,403.63464866905224,1340.687405408037,3060.18020215656
756,176,3,2908.6006738798865,358.3694634775902,1481.9843841887523,3060.18020215656
757,168,3,2946.433150874836,291.37777275709436,1490.8734252138338,3060.18020215656
758,172,3,2906.1342847024457,372.6786481535924,1454.4834573726175,3060.18020215656
759,158,3,2945.403257445939,314.07629403158836,1434.2193192991915,3060.18020215656
760,179,3,2938.797397194705,314.6237183491204,1492.9157640709539,3060.18020215656
761,171,3,2925.882522096798,338.0940217943969,1392.5982245198818,3060.18020215656
762,183,3,2896.119213694005,368.04902351892184,1492.3474620087618,3060.18020215656
763,179,3,2932.9405214976077,311.27684064121587,1472.981923290934,3060.18020215656
764,186,3,2912.5812806256276,340.0134113383234,1514.300895331738,3060.18020215656
765,164,3,2929.880013820944,330.2418038801515,1318.7503081437274,3060.18020215656
766,180,3,2903.77015513962,348.4359570323717,1329.9768333368381,3060.18020215656
767,177,3,2922.9694964977703,329.0428067494765,1576.7885072134054,3060.18020215656
768,165,3,2922.300813388444,354.83642987064235,1465.7578256089594,3060.18020215656
769,176,3,2921.818171741823,341.6380927359342,1486.708312569509,3060.18020215656
770,198,3,2909.4637853443505,332.7926427149626,1470.594078154744,3060.18020215656
771,187,3,2927.088937652423,310.3927975072447,1491.7243792479098,3060.18020215656
772,172,3,2924.179752727204,312.3110377951091,1340.687405408037,3060.18020215656
773,180,3,2908.0269491003805,343.3369685863769,1240.3798317199987,3060.18020215656
774,166,3,2915.28934067238,364.63205173872507,1327.8698217313238,3060.18020215656
775,156,3,2916.8929808206585,350.49070840195435,1460.4943662265935,3060.18020215656
776,177,3,2923.3254671934037,300.27931748323897,1590.9054697372828,3060.18020215656
777,202,3,2904.1803368119913,337.7426370083362,1590.6085976796371,3060.18020215656
778,180,3,2934.5757840786314,327.1804518628651,1392.5982245198818,3060.18020215656
779,184,3,2911.433005248884,370.83387125614394,1433.9631057459067,3060.18020215656
780,161,3,2931.785253720837,316.83669161970676,1424.3908685398583,3060.18020215656
781,180,3,2936.990225918217,325.6245952230831,1599.5804356238928,3060.18020215656
782,182,3,2891.6737983566245,376.65920830078284,1392.5982245198818,3060.18020215656
783,147,3,2963.401170038323,270.4870523472846,1610.6419651849048,3060.18020215656
784,181,3,2899.373640370262,353.08627788952276,1414.8294662719202,3060.18020215656
785,170,3,2963.91488827872,277.7559780039996,1433.9631057459067,3060.18020215656
786,192,3,2898.157903129472,368.8698916242744,1618.826975479469,3060.18020215656
787,169,3,2879.3941021492906,369.6458680359441,1467.959561091775,3060.18020215656
788,177,3,2898.243547716179,350.5181792420426,1327.6793424598704,3060.18020215656
789,205,3,2903.242270920416,364.1658236836058,1453.6880348423394,3060.18020215656
790,175,3,2891.593124816715,370.38707080350747,1471.7610412468791,3060.18020215656
791,204,3,2928.2986315535977,312.33000542575905,1319.0104553547176,3060.18020215656
792,183,3,2922.276327499146,352.28598140878876,1376.520350859475,3060.18020215656
793,168,3,2920.313020972421,339.57140665990045,1471.7685869915945,3060.18020215656
794,177,3,2953.9296560559906,281.63975031174374,1455.69132798396,3060.18020215656
795,160,3,2945.9541568465606,301.9543399318754,1467.959561091775,3060.18020215656
796,165,3,2913.758441981087,372.47353927308905,1337.9367056230487,3060.18020215656
797,203,3,2923.120294815688,322.5085070961946,1400.746945605107,3060.18020215656
798,153,3,2948.7228269681145,309.93505525944323,1459.0901072648142,3060.18020215656
799,195,3,2942.8685987577733,300.36545915287286,1481.4795491276175,3060.18020215656
800,184,3,2910.735240600159,357.9640819356721,1340.687405408037,3060.18020215656
801,179,3,2923.9405585632217,344.0189644115921,1319.0104553547176,3060.18020215656
802,191,3,2918.027814396369,339.34367878537336,1530.5850616819796,3060.18020215656
803,178,3,2910.0876641911063,337.2094117772641,1368.157325052391,3060.18020215656
804,188,3,2914.6347385915346,349.8120383323159,1427.7994483115872,3060.18020215656
805,187,3,2904.588416381691,348.52668885728923,1430.6606161851,3060.18020215656
806,178,3,2927.484442539529,345.9195524128737,1482.1293947610066,3060.18020215656
807,189,3,2923.3415686679296,337.06993948073256,1347.8204794603976,3060.18020215656
808,183,3,2953.4238596349064,288.31425639819395,1349.9303460818414,3060.18020215656
809,190,3,2908.189357695945,335.8600571954075,1560.1711372944008,3060.18020215656
810,188,3,2925.1968919072237,321.72090754003017,1613.9709508760745,3060.18020215656
811,201,3,2914.425474848076,338.9087549784114,1377.6291437963218,3060.18020215656
812,170,3,2892.0514558373925,363.6695893374669,1477.3890721912248,3060.18020215656
813,165,3,2955.743310588422,309.6984869965899,1340.687405408037,3060.18020215656
814,203,3,2946.8882993420593,298.84448076937355,1371.9847593330082,3060.18020215656
815,179,3,2932.2857365692926,298.8965531189313,1476.9977637764716,3060.18020215656
816,172,3,2910.314066218087,362.810805471469,1472.525543276119,3060.18020215656
817,182,3,2929.7667013741743,319.9354685527692,1481.9843841887523,3060.18020215656
818,199,3,2916.4108744982314,345.8994553799111,1328.131767930349,3060.18020215656
819,167,3,2920.5080101817694,348.8064267977306,1415.734112194814,3060.18020215656
820,192,3,2906.730808739094,348.86216180419154,1467.2426937605082,3060.18020215656
821,158,3,2951.386334794784,279.1347789257133,1483.4496323277685,3060.18020215656
822,176,3,2900.011180517532,349.93684947806526,1468.6081625261122,3060.18020215656
823,162,3,2925.3032672416607,321.8996256857872,1319.0104553547176,3060.18020215656
824,207,3,2909.3632928580687,345.2478010747622,1422.482804413498,3060.18020215656
825,188,3,2945.5921323356984,298.5325318736716,1541.7516462276762,3060.18020215656
826,184,3,2914.11047152668,351.88356407208863,1470.991326436453,3060.18020215656
827,171,3,2930.9496907409994,302.99006592731416,1601.6080845646907,3060.18020215656
828,205,3,2892.2422200013766,377.0368833981201,1304.2319245117994,3060.18020215656
829,165,3,2926.0034762264354,332.5172407355174,1371.9847593330082,3060.18020215656
830,163,3,2908.0696512456298,371.2635260520702,1426.2406924513282,3060.18020215656
831,181,3,2919.4674333705307,328.5218457127242,1454.6522164424955,3060.18020215656
832,191,3,2924.717553199227,340.4775907682893,1418.4053871947765,3060.18020215656
833,181,3,2914.0470298412515,357.2198872335849,1358.867958664194,3060.18020215656
834,190,3,2913.9204913292697,336.9655098560302,1574.6230818755682,3060.18020215656
835,183,3,2899.7598891144976,355.8432790893458,1485.9675696200538,3060.18020215656
836,168,3,2939.282715699499,303.1447116901142,1482.6627517855848,3060.18020215656
837,162,3,2895.291546328066,389.8855393782375,1327.6793424598704,3060.18020215656
838,192,3,2928.027892858425,305.8411484735149,1448.8005295151354,3060.18020215656
839,163,3,2932.5255535346664,332.80738271368466,1336.8606027248081,3060.18020215656
840,172,3,2933.816391359436,328.82380825816654,1491.7243792479098,3060.18020215656
841,180,3,2897.0654063698357,366.2806934454795,1535.3831473454743,3060.18020215656
842,179,3,2944.2926745275113,308.2273811821341,1445.9113301944112,3060.18020215656
843,181,3,2939.9269700837517,306.034997999822,1452.7312452031977,3060.18020215656
844,202,3,2862.1465242772906,409.67929183048267,1464.3100522033662,3060.18020215656
845,176,3,2927.2052366997987,333.6383379634749,1319.0104553547176,3060.18020215656
846,185,3,2895.756894624447,354.4633642750092,1327.8698217313238,3060.18020215656
847,177,3,2908.0742698857957,357.3484143791147,1459.2039985798936,3060.18020215656
848,204,3,2921.000018736115,333.723940649576,1496.9893009973748,3060.18020215656
849,192,3,2942.1740983871223,303.9988901251924,1590.6085976796371,3060.18020215656
850,172,3,2912.303134492875,352.4939139647173,1414.8294662719202,3060.18020215656
851,178,3,2922.6422579845575,353.0915363197827,1351.6584481127752,3060.18020215656
852,174,3,2899.6437689565632,357.6276067275243,1560.0648662623585,3060.18020215656
853,173,3,2951.0616732729886,285.86670395431076,1360.8306416720418,3060.18020215656
854,166,3,2916.2659096237544,351.74476339179387,1401.8385638590182,3060.18020215656
855,174,3,2922.16041947972,329.620585722297,1470.594078154744,3060.18020215656
856,189,3,2931.5348266278183,311.3682807664998,1433.9631057459067,3060.18020215656
857,187,3,2931.926647355917,319.43639724462776,1499.4099173753086,3060.18020215656
858,180,3,2941.4584333753087,297.2488313399128,1591.4546220468594,3060.18020215656
859,177,3,2892.0681605450054,375.59660798847625,1360.274932806436,3060.18020215656
860,185,3,2915.922273532425,334.1313911527157,1484.3915897931092,3060.18020215656
861,185,3,2872.604412976975,391.2136807966585,1462.3676372743942,3060.18020215656
862,176,3,2925.5895833716877,336.74935790364515,1412.927582862393,3060.18020215656
863,189,3,2913.7210131649235,346.3250347152667,1327.6793424598704,3060.18020215656
864,182,3,2906.956177962737,354.09947536324665,1362.4000749988465,3060.18020215656
865,194,3,2909.504700244572,354.72881424315347,1477.3890721912248,3060.18020215656
866,154,3,2937.5700177933595,288.30801073442274,1621.1466157151422,3060.18020215656
867,186,3,2920.462535272461,356.99842902643013,1242.4898646238714,3060.18020215656
868,174,3,2933.2788868891516,316.46696704052664,1492.9157640709539,3060.18020215656
869,181,3,2931.636568180025,317.4132278863329,1351.2383211276008,3060.18020215656
870,170,3,2914.852451157008,348.5365717201995,1340.687405408037,3060.18020215656
871,180,3,2903.524763528049,352.31934220573106,1392.5982245198818,3060.18020215656
872,173,3,2904.3719175983497,356.0811082408136,1347.8204794603976,3060.18020215656
873,180,3,2911.7482463497986,351.1536205648692,1401.9299217856383,3060.18020215656
874,187,3,2914.493868763253,343.1909136778434,1488.6373221169351,3060.18020215656
875,185,3,2909.969542617239,353.8777113968828,1521.446281887239,3060.18020215656
876,190,3,2916.642597645913,341.2466320911103,1472.981923290934,3060.18020215656
877,159,3,2932.0270336814706,318.89346355024446,1455.6410839468444,3060.18020215656
878,185,3,2938.407789698187,291.6025611372736,1640.3029113532473,3060.18020215656
879,188,3,2910.7694810560274,353.667805387984,1482.6627517855848,3060.18020215656
880,217,3,2911.6805867969542,336.55452782881434,1601.6080845646907,3060.18020215656
881,190,3,2873.9709670684547,381.181114559076,1345.33768250989,3060.18020215656
882,191,3,2933.2368059445726,325.86576507316977,1601.6080845646907,3060.18020215656
883,163,3,2955.1714457035796,307.7923855542042,1340.687405408037,3060.18020215656
884,172,3,2932.9272515947637,323.2645823474504,1457.8779424388529,3060.18020215656
885,174,3,2926.0965891651804,315.7648151978331,1482.1293947610066,3060.18020215656
886,186,3,2902.3745266363326,369.3712079114553,1523.2178153347804,3060.18020215656
887,191,3,2890.548204708539,386.0016874155237,1240.3798317199987,3060.18020215656
888,195,3,2911.377503273063,342.0427446420785,1498.45868033783,3060.18020215656
889,190,3,2901.2777107000757,363.0378349777383,1465.7578256089594,3060.18020215656
890,166,3,2947.4054438547387,310.979374622621,1365.3257999388018,3060.18020215656
891,175,3,2914.7758603063858,344.5270570478051,1443.194665919481,3060.18020215656
892,193,3,2916.03076860135,327.0229901235836,1428.0213914824353,3060.18020215656
893,184,3,2935.329757918239,318.28251893862955,1406.3715666308424,3060.18020215656
894,172,3,2915.445357844554,343.0965072124957,1599.5804356238928,3060.18020215656
895,167,3,2938.033686525563,313.16614041161085,1482.1293947610066,3060.18020215656
896,164,3,2933.089492725126,316.13631773417137,1484.090013050486,3060.18020215656
897,157,3,2929.8973837927238,324.5732048014796,1445.9426195463332,3060.18020215656
898,174,3,2929.9683193563646,326.8266971481188,1493.1992573869356,3060.18020215656
899,185,3,2894.8624191148256,347.5560374530842,1539.470502905609,3060.18020215656
900,182,3,2914.7327191841687,331.0914137370887,1468.4145259711943,3060.18020215656
901,160,3,2924.6406094602094,316.0751885281779,1615.4112222220392,3060.18020215656
902,185,3,2968.932021130877,284.13832785962273,1484.7177840715517,3060.18020215656
903,179,3,2939.4172203789863,321.0176125148333,1471.7610412468791,3060.18020215656
904,200,3,2917.513173096859,327.72405729025786,1467.959561091775,3060.18020215656
905,205,3,2916.1362191204194,338.71122643296883,1470.594078154744,3060.18020215656
906,183,3,2936.3303581211103,279.6602867830902,1610.6419651849048,3060.18020215656
907,161,3,2940.366069643478,308.08260310873357,1547.5011193863572,3060.18020215656
908,193,3,2907.1528590072526,352.42645424791436,1335.846284108438,3060.18020215656
909,187,3,2910.210239952783,363.64696932766526,1465.7578256089594,3060.18020215656
910,175,3,2915.794648457382,339.2930441559846,1601.6080845646907,3060.18020215656
911,185,3,2961.9059132258026,261.27353156078766,1491.7243792479098,3060.18020215656
912,196,3,2887.537109712194,380.6159167487247,1423.461316595474,3060.18020215656
913,163,3,2927.4578418942365,320.9292884294123,1381.889839519281,3060.18020215656
914,177,3,2962.2180986411818,279.81628507654494,1596.766242441444,3060.18020215656
915,177,3,2924.751017694545,342.98258798504753,1491.7243792479098,3060.18020215656
916,161,3,2954.934715473568,272.4142359939691,1242.4898646238714,3060.18020215656
917,188,3,2905.0515428170756,339.5700182621845,1472.525543276119,3060.18020215656
918,191,3,2870.964406131784,391.18828006051774,1353.1537737884737,3060.18020215656
919,175,3,2938.7173198121222,278.5871866329696,1624.3683679792891,3060.18020215656
920,168,3,2912.6025915442483,345.9673425325202,1384.7309624527525,3060.18020215656
921,160,3,2934.552197320213,299.7665557804721,1499.3403465187748,3060.18020215656
922,185,3,2953.2287178381,284.8058166255921,1461.2222972149304,3060.18020215656
923,175,3,2913.3166690646685,327.1965487438439,1479.4449871597076,3060.18020215656
924,175,3,2915.574009711795,357.21424652348236,1441.9811715952683,3060.18020215656
925,196,3,2910.195367996113,326.45529321883095,1601.3591625395268,3060.18020215656
926,183,3,2935.464004845294,324.5051435332119,1327.8698217313238,3060.18020215656
927,167,3,2937.304380452026,320.2876644735533,1601.3591625395268,3060.18020215656
928,179,3,2904.568661207703,357.8782050354507,1482.2033723200757,3060.18020215656
929,184,3,2915.8764016158384,335.7735107855482,1347.8204794603976,3060.18020215656
930,185,3,2926.3929205896566,342.1978055112307,1468.4730917397292,3060.18020215656
931,177,3,2896.5263756790355,386.5979537272293,1379.0670208711344,3060.18020215656
932,183,3,2903.1053185400915,363.26429722794444,1448.377988770565,3060.18020215656
933,164,3,2942.900286099287,308.18167758569774,1339.7947189834977,3060.18020215656
934,169,3,2934.36539133653,312.2660935325091,1390.534754312881,3060.18020215656
935,188,3,2907.7324963874375,341.488169641641,1491.7243792479098,3060.18020215656
936,196,3,2886.922716527079,356.84649516015315,1418.476841692371,3060.18020215656
937,193,3,2938.4182255827477,308.63063190825034,1561.1889173481875,3060.18020215656
938,195,3,2918.5080487522396,329.55344042591247,1404.3959522571308,3060.18020215656
939,196,3,2895.76501054446,379.69265163311127,1424.5395419569509,3060.18020215656
940,171,3,2896.394898776613,375.2945819681711,1347.8204794603976,3060.18020215656
941,180,3,2892.340103415839,370.1876449778454,1347.8204794603976,3060.18020215656
942,187,3,2944.4337400273566,303.0145730626651,1590.6085976796371,3060.18020215656
943,193,3,2925.8785388442934,335.9139844332849,1472.981923290934,3060.18020215656
944,195,3,2888.9653138661843,368.80465100132403,1616.816668031715,3060.18020215656
945,183,3,2898.6743371935436,362.36236999808466,1362.1840741343317,3060.18020215656
946,185,3,2938.3742301306143,302.5005182868034,1491.7243792479098,3060.18020215656
947,175,3,2928.132715521945,320.3574152559321,1508.0695413885483,3060.18020215656
948,168,3,2919.2486104048594,339.52065650976294,1256.1439224754572,3060.18020215656
949,180,3,2944.5376975491495,321.8633024650845,1476.5454807823658,3060.18020215656
950,176,3,2919.905525941015,339.68831431316187,1349.4951538311159,3060.18020215656
951,174,3,2903.0953274934914,373.8022903028785,1336.8606027248081,3060.18020215656
952,174,3,2911.738127570036,346.36800986296123,1493.1992573869356,3060.18020215656
953,183,3,2947.618879615538,312.4931295556104,1539.470502905609,3060.18020215656
954,185,3,2907.2437889808593,333.9706832710367,1543.821522764899,3060.18020215656
955,173,3,2915.2135102825473,350.92483537979115,1502.227989172556,3060.18020215656
956,181,3,2917.792763767147,341.4977365233902,1360.8306416720418,3060.18020215656
957,185,3,2885.366983712015,375.60348735682646,1497.2644169566915,3060.18020215656
958,191,3,2903.753970098676,360.11828485540815,1492.9157640709539,3060.18020215656
959,171,3,2947.503932061159,300.2143177270178,1509.676120649519,3060.18020215656
960,175,3,2917.4521787463445,331.57468741756605,1481.9843841887523,3060.18020215656
961,176,3,2969.480526304889,263.52961677784134,1599.5804356238928,3060.18020215656
962,204,3,2907.125892188304,345.54003799863403,1297.5831948549808,3060.18020215656
963,163,3,2933.050436322533,315.69059391815705,1356.6787136972998,3060.18020215656
964,180,3,2897.8906664057986,375.42078647988257,1356.478271206163,3060.18020215656
965,169,3,2922.0097621560326,334.4771395377011,1465.9578448934337,3060.18020215656
966,162,3,2937.650799911299,303.7798522169701,1492.3474620087618,3060.18020215656
967,172,3,2949.268150916969,303.14388241121526,1336.8606027248081,3060.18020215656
968,167,3,2934.254374105755,319.94914314599674,1387.989617127204,3060.18020215656
969,190,3,2918.5727279125063,321.9901995869849,1360.8306416720418,3060.18020215656
970,160,3,2920.2176413847383,347.05156263189207,1491.7243792479098,3060.18020215656
971,176,3,2929.4125599360627,314.80318333582943,1482.1293947610066,3060.18020215656
972,192,3,2910.2480680364993,348.47347248784695,1340.687405408037,3060.18020215656
973,179,3,2945.484240776543,307.78695572427637,1482.1293947610066,3060.18020215656
974,186,3,2949.3714954364204,298.71089206210644,1456.4782567005418,3060.18020215656
975,184,3,2932.81391800343,320.66776262372974,1481.4795491276175,3060.18020215656
976,174,3,2938.362753193657,317.57163742899183,1483.4947954273227,3060.18020215656
977,169,3,2941.8013068259843,289.8124027268772,1286.952425364935,3060.18020215656
978,177,3,2903.078911124304,371.46916473980275,1472.0480646199549,3060.18020215656
979,186,3,2924.5818708624242,323.60147982195446,1481.9843841887523,3060.18020215656
980,188,3,2927.124241829208,327.98581552311884,1417.969372690147,3060.18020215656
981,198,3,2914.35574043223,334.63592658742107,1475.3951240786907,3060.18020215656
982,174,3,2897.756283955509,361.2180338089694,1326.6016205183248,3060.18020215656
983,185,3,2923.5211815388766,336.47193641102103,1414.8294662719202,3060.18020215656
984,182,3,2951.320795630741,291.06635599034934,1477.3890721912248,3060.18020215656
985,170,3,2900.1557588511973,347.04894715462393,1481.4795491276175,3060.18020215656
986,185,3,2924.856990031614,307.6843248827376,1313.398964053042,3060.18020215656
987,195,3,2907.879098122379,362.3685256703461,1374.1757955097014,3060.18020215656
988,191,3,2940.252030861126,311.2064075302221,1414.8294662719202,3060.18020215656
989,182,3,2924.2713319077056,319.7303314558885,1360.8306416720418,3060.18020215656
990,193,3,2887.4843939987795,376.9292690055095,1590.6085976796371,3060.18020215656
991,180,3,2939.631200302339,307.67739701799843,1415.8484254443865,3060.18020215656
992,156,3,2928.8671028216486,305.8201156264324,1547.5011193863572,3060.18020215656
993,161,3,2930.624983243373,331.10153404105125,1228.1136902333374,3060.18020215656
994,174,3,2939.0100930115987,307.720655832511,1492.9157640709539,3060.18020215656
995,171,3,2907.321884206476,338.2917977587231,1491.7243792479098,3060.18020215656
996,180,3,2917.6906989225113,333.4439568736701,1445.9113301944112,3060.18020215656
997,185,3,2944.1755903725384,289.05034251798617,1506.7527057728594,3060.18020215656
998,173,3,2939.6077651857418,294.3386671485082,1558.2250737264917,3060.18020215656
999,177,3,2917.070675041933,347.2926803874338,1502.227989172556,3060.18020215656
1000,179,3,2924.5491777200436,328.049923667881,1535.566223167211,3060.18020215656
1001,193,3,2935.237695341918,320.593328067807,1360.8306416720418,3060.18020215656
1002,183,3,2914.165468456139,342.5363677489093,1304.2319245117994,3060.18020215656
1003,160,3,2913.9898284820392,325.9025072435804,1336.8606027248081,3060.18020215656
1004,195,3,2912.2217431838762,341.73209164904847,1498.5367386381313,3060.18020215656
1005,173,3,2914.041847345205,358.4923094434248,1340.687405408037,3060.18020215656
1006,173,3,2899.376165440572,354.0796005979649,1471.7685869915945,3060.18020215656
1007,189,3,2897.2801546437195,365.5641618128558,1467.959561091775,3060.18020215656
1008,190,3,2879.9161438756923,381.69283383163133,1413.5044542828107,3060.18020215656
1009,190,3,2922.6180493665456,324.1385150910665,1615.0207715255788,3060.18020215656
1010,167,3,2913.906519696407,340.5346495602491,1343.6093299836932,3060.18020215656
1011,189,3,2942.984622612798,293.8986831183257,1626.1890751682215,3060.18020215656
1012,186,3,2892.973370574641,368.94534931272733,1456.4782567005418,3060.18020215656
1013,178,3,2915.116359700973,338.1658934304681,1482.1293947610066,3060.18020215656
1014,181,3,2909.5094212265963,357.5598121459487,1522.3760472239226,3060.18020215656
1015,168,3,2934.865143751694,316.0374557268157,1327.8698217313238,3060.18020215656
1016,167,3,2931.679621334461,315.09313151242316,1447.522431805672,3060.18020215656
1017,194,3,2910.7092974009147,353.16112567153357,1371.9847593330082,3060.18020215656
1018,185,3,2919.7343183208054,322.9837282992371,1492.9157640709539,3060.18020215656
1019,189,3,2923.1384189147175,300.76634462315894,1488.470572883976,3060.18020215656
1020,169,3,2933.3713205024537,334.0816372131003,1392.5982245198818,3060.18020215656
1021,170,3,2908.5018137128964,344.6299524996921,1460.4943662265935,3060.18020215656
1022,176,3,2910.224233685933,331.11436463380653,1483.4499004978277,3060.18020215656
1023,175,3,2932.446580795361,326.7984056247,1327.8698217313238,3060.18020215656
1024,178,3,2937.9018496485596,296.1332694585738,1458.760775895648,3060.18020215656
1025,186,3,2923.825962992995,316.9053745417177,1340.687405408037,3060.18020215656
1026,188,3,2917.5629633141307,359.2668476513128,1347.1622811722793,3060.18020215656
1027,198,3,2923.6010414018783,334.6427817947229,1329.1893375415548,3060.18020215656
1028,186,3,2913.189661211546,324.75741123943664,1378.1120268261777,3060.18020215656
1029,177,3,2899.6045342018374,371.78980490396515,1336.399459436962,3060.18020215656
1030,158,3,2955.474445955845,296.86879038422614,1611.6191496253389,3060.18020215656
1031,173,3,2912.9925622832657,359.0990769746559,1304.2319245117994,3060.18020215656
1032,168,3,2912.619580912453,333.8600463306512,1491.7243792479098,3060.18020215656
1033,183,3,2945.888748627378,309.70837438343773,1527.1852075631066,3060.18020215656
1034,192,3,2947.001944926884,306.8459445078928,1469.8160988782327,3060.18020215656
1035,180,3,2898.6724770822,358.1146003631551,1481.9843841887523,3060.18020215656
1036,189,3,2892.297983353205,375.8685594816905,1323.0749837615272,3060.18020215656
1037,175,3,2938.766769184433,298.63248641444903,1475.3388816099605,3060.18020215656
1038,177,3,2921.4702214023177,342.12411808470443,1316.567985755989,3060.18020215656
1039,182,3,2905.2593220611925,337.8932811030542,1467.959561091775,3060.18020215656
1040,189,3,2890.6818551876913,374.8445763185391,1556.2715957856165,3060.18020215656
1041,208,3,2913.5927438325775,350.4542189904333,1470.594078154744,3060.18020215656
1042,178,3,2916.2298358606176,348.13975290783395,1472.0480646199549,3060.18020215656
1043,190,3,2932.3634036161043,317.3166912132459,1330.4144024716143,3060.18020215656
1044,175,3,2933.331843970106,333.46872596144766,1391.0244230540538,3060.18020215656
1045,182,3,2892.1905241975996,367.7199935597587,1382.5318726157511,3060.18020215656
1046,174,3,2922.8004114280075,321.1529415880937,1548.5763137473505,3060.18020215656
1047,159,3,2949.7759206682304,314.0947311486774,1379.2843497129547,3060.18020215656
1048,171,3,2949.0364425965513,304.20314087849994,1592.6821654465382,3060.18020215656
1049,185,3,2952.4076774677237,283.04515677584146,1524.3203178169256,3060.18020215656
1050,186,3,2921.8631964837477,341.3465596344117,1371.9847593330082,3060.18020215656
1051,174,3,2913.3279323795437,336.9787396470496,1385.1725456162997,3060.18020215656
1052,180,3,2921.0307339812234,327.43685435813876,1491.7243792479098,3060.18020215656
1053,175,3,2896.302847101657,373.21637509958686,1492.3474620087618,3060.18020215656
1054,177,3,2891.672475007824,377.8975058568596,1317.747727758562,3060.18020215656
1055,181,3,2929.787418768446,316.56475799952045,1338.5639492080165,3060.18020215656
1056,171,3,2916.41480125176,338.7753680958218,1599.5804356238928,3060.18020215656
1057,178,3,2938.261954413529,319.6828789414691,1554.521907791926,3060.18020215656
1058,190,3,2920.098670931817,339.295493118895,1347.1622811722793,3060.18020215656
1059,184,3,2902.4268697155276,364.5495902683166,1467.959561091775,3060.18020215656
1060,172,3,2924.388488278289,347.1908182653598,1367.0306256443196,3060.18020215656
1061,188,3,2937.5650329717264,310.4045554215728,1470.594078154744,3060.18020215656
1062,187,3,2939.5993618555513,292.80945732682164,1482.1293947610066,3060.18020215656
1063,156,3,2946.6430988732204,309.1412036462098,1340.687405408037,3060.18020215656
1064,184,3,2908.70701924478,356.68829001631724,1467.959561091775,3060.18020215656
1065,167,3,2945.762533524973,289.35233605886975,1613.5974663906304,3060.18020215656
1066,173,3,2925.051885076485,306.1001667531284,1469.7925010827844,3060.18020215656
1067,169,3,2921.9549364132,338.75242693556055,1601.6080845646907,3060.18020215656
1068,176,3,2963.34572301621,258.0953008192762,1617.067992836755,3060.18020215656
1069,178,3,2910.7109450504468,346.81718599655665,1471.8064461807976,3060.18020215656
1070,189,3,2906.6667731593666,345.7163255314781,1360.8306416720418,3060.18020215656
1071,182,3,2913.4263898835206,343.3399173508561,1468.6119018688598,3060.18020215656
1072,171,3,2937.038871977791,318.2894742250044,1477.3890721912248,3060.18020215656
1073,185,3,2937.2911738955286,311.4060975611804,1318.7503081437274,3060.18020215656
1074,171,3,2883.6042375572074,384.16317321272794,1347.8204794603976,3060.18020215656
1075,173,3,2930.926731485868,330.6472362294838,1347.8204794603976,3060.18020215656
1076,196,3,2911.731233033201,351.2261120483888,1516.7286071078404,3060.18020215656
1077,183,3,2916.8309101398067,331.3965576757737,1482.6794587580341,3060.18020215656
1078,173,3,2930.7438360074157,339.2648065255257,1327.6793424598704,3060.18020215656
1079,198,3,2920.719735253674,353.4580906940936,1383.4387595885971,3060.18020215656
1080,174,3,2914.424425219916,345.37575899666234,1491.9110226034497,3060.18020215656
1081,183,3,2935.4212643981064,323.44772506592756,1610.6419651849048,3060.18020215656
1082,167,3,2946.200094570967,294.8868580780913,1390.9263106055796,3060.18020215656
1083,186,3,2950.131433650952,300.15114856029976,1327.6793424598704,3060.18020215656
1084,195,3,2923.9138055554304,323.53426530432006,1430.769359826477,3060.18020215656
1085,187,3,2911.7439948862057,331.53822593625523,1475.3745060864699,3060.18020215656
1086,173,3,2940.991355603933,302.0989036641373,1522.2928303128353,3060.18020215656
1087,168,3,2934.9072162581974,324.120001366784,1337.026218001432,3060.18020215656
1088,182,3,2929.0535764216547,320.22674959134736,1439.0707489502088,3060.18020215656
1089,186,3,2921.412393034982,354.3005376531059,1327.015991923367,3060.18020215656
1090,175,3,2918.3072291292037,339.7333684027142,1457.2968230503136,3060.18020215656
1091,174,3,2935.234041314272,318.59162334497,1491.7243792479098,3060.18020215656
1092,186,3,2934.0025320088816,304.61686209255447,1613.2125685472824,3060.18020215656
1093,171,3,2919.887797769944,327.147954774511,1486.7394511894947,3060.18020215656
1094,183,3,2908.870003576766,367.75423089841206,1322.7449340608532,3060.18020215656
1095,189,3,2944.6831030269705,308.1783424984598,1437.6850471135629,3060.18020215656
1096,171,3,2926.38402627678,334.6559131386447,1481.4795491276175,3060.18020215656
1097,173,3,2911.684972865396,344.6462398239969,1424.5395419569509,3060.18020215656
1098,184,3,2895.6877440319163,367.84569855786987,1314.9195124150563,3060.18020215656
1099,162,3,2965.235691001579,277.59968109488545,1595.8962639583062,3060.18020215656
1100,197,3,2947.2993633693122,294.6253872606063,1492.9157640709539,3060.18020215656
1101,167,3,2916.878836031054,327.6907339119947,1394.2762675544825,3060.18020215656
1102,167,3,2949.719864175099,300.81694204856,1496.9893009973748,3060.18020215656
1103,182,3,2931.057461307741,311.52493758430506,1482.1293947610066,3060.18020215656
1104,178,3,2900.9094930483725,359.56929077855915,1470.594078154744,3060.18020215656
1105,187,3,2930.123506450872,312.48863341848744,1446.8662371183382,3060.18020215656
1106,167,3,2922.00048131255,332.3944338999304,1434.0292281210602,3060.18020215656
1107,173,3,2926.963360112523,317.60239600088863,1610.6419651849048,3060.18020215656
1108,179,3,2946.9311632596027,294.3412609024085,1581.9946615976896,3060.18020215656
1109,192,3,2913.88515776122,340.1438745353445,1336.8606027248081,3060.18020215656
1110,191,3,2935.1471403747655,324.2048770982193,1336.8606027248081,3060.18020215656
1111,175,3,2959.7294212472398,274.1380001610629,1491.7243792479098,3060.18020215656
1112,170,3,2933.7454239230424,309.5218229708722,1577.3067585093136,3060.18020215656
1113,189,3,2909.0346167337566,353.8946705323414,1333.377382027627,3060.18020215656
1114,191,3,2878.0802609598204,392.95236353695805,1336.8606027248081,3060.18020215656
1115,153,3,2955.3908861014074,278.48288508364874,1621.1466157151422,3060.18020215656
1116,192,3,2880.344669551016,385.62395470976855,1415.141446672094,3060.18020215656
1117,155,3,2917.7289754216217,350.5006800423134,1366.483895720637,3060.18020215656
1118,170,3,2902.1469637646715,385.6933700543092,1467.959561091775,3060.18020215656
1119,184,3,2940.955188552959,306.05396000625007,1605.192089507328,3060.18020215656
1120,173,3,2927.2992363161693,331.9504594152319,1352.2735357707086,3060.18020215656
1121,190,3,2951.1807062958283,283.5106231380769,1624.3683679792891,3060.18020215656
1122,179,3,2902.6424399970924,369.21709313662154,1477.3890721912248,3060.18020215656
1123,165,3,2900.2657718522933,377.31042930281154,1416.0463862563383,3060.18020215656
1124,182,3,2932.259745726559,328.7052318513187,1461.3202793465487,3060.18020215656
1125,169,3,2912.7603974828394,360.29002094824403,1436.0866542617762,3060.18020215656
1126,177,3,2921.3674627042897,335.34292643005807,1422.1257351692545,3060.18020215656
1127,182,3,2907.331995727435,355.88243125042936,1488.561049010844,3060.18020215656
1128,187,3,2933.3783726729616,323.1663299924653,1382.5547502095371,3060.18020215656
1129,167,3,2921.7354892557923,325.7565588754621,1471.8064461807976,3060.18020215656
1130,172,3,2908.1160738323806,346.84874403227997,1319.0104553547176,3060.18020215656
1131,176,3,2928.7648560338744,331.93499500776875,1536.2126047933466,3060.18020215656
1132,182,3,2900.6361337109897,353.9186021929276,1482.1293947610066,3060.18020215656
1133,182,3,2910.611648132539,352.93951285283555,1433.6589133634907,3060.18020215656
1134,178,3,2904.355241394695,354.8187128383355,1439.7586153206498,3060.18020215656
1135,171,3,2879.0153666569645,390.1966017709263,1472.525543276119,3060.18020215656
1136,183,3,2935.4709683434858,301.1067353617305,1541.9267310674643,3060.18020215656
1137,201,3,2907.481406949151,367.00296476790555,1349.9321860012535,3060.18020215656
1138,178,3,2929.7420751873706,329.7884571590171,1435.3087548662115,3060.18020215656
1139,186,3,2946.942232861026,304.23723635079216,1493.1041697403066,3060.18020215656
1140,180,3,2916.5538215288925,334.658841870865,1613.6864029510186,3060.18020215656
1141,179,3,2909.1227976906184,351.3551517503403,1433.2889098073995,3060.18020215656
1142,171,3,2944.6971758999066,315.02380410255097,1347.8204794603976,3060.18020215656
1143,183,3,2916.074469560556,341.60602769142736,1497.9462139613781,3060.18020215656
1144,186,3,2903.972244076246,352.82011257426365,1491.7243792479098,3060.18020215656
1145,195,3,2928.5000202806377,312.39872454459794,1550.988188131972,3060.18020215656
1146,175,3,2921.94983583582,342.0853003465904,1433.9631057459067,3060.18020215656
1147,175,3,2929.826498011415,326.9625013461194,1360.8306416720418,3060.18020215656
1148,179,3,2925.7863655985193,339.9678210949743,1327.8698217313238,3060.18020215656
1149,179,3,2899.0344506498404,353.98077100068014,1318.7503081437274,3060.18020215656
1150,212,3,2930.991424446496,299.3449381847128,1514.3674923683027,3060.18020215656
1151,183,3,2912.756482247997,333.4434152904688,1319.0104553547176,3060.18020215656
1152,189,3,2920.057988696086,333.5308797602638,1360.8306416720418,3060.18020215656
1153,167,3,2929.735777309936,325.004926897352,1561.7136892132044,3060.18020215656
1154,169,3,2942.7172749084148,321.1894827622033,1370.1701195668315,3060.18020215656
1155,180,3,2934.5945595348335,329.8304694733063,1493.1992573869356,3060.18020215656
1156,163,3,2969.7856721240055,242.87927451400358,1772.6202734162407,3060.18020215656
1157,170,3,2904.778875417975,359.18484914396754,1472.0480646199549,3060.18020215656
1158,171,3,2920.5121840512516,335.1185024078843,1414.8294662719202,3060.18020215656
1159,166,3,2923.1344484862398,336.9600025268527,1471.8064461807976,3060.18020215656
