date;open;high;low;close;volume
2020-06-15;49555.88;49555.88;48881.66;48991.89;109732328
2020-06-16;49646.66;50647.66;49646.66;50385.49;95449265
2020-06-17;50756.53;50756.79;50065.23;50312.8;75752185
2020-06-18;50362.57;50656.94;50204.13;50445.13;103570476
2020-06-19;50501.03;50676.93;50458.76;50670.08;118188907
2020-06-22;50642.94;50815.34;50300.67;50606.02;87416733
2020-06-23;50942.9;51863.82;50841.55;51438.3;102495651
2020-06-24;51616.42;51694.81;50478.37;50479.64;84756272
2020-06-25;50346.03;50767.04;49870.68;50658.89;69576460
2020-06-26;50783.4;50806.32;49725.89;49725.89;57403107
2020-06-29;49593.24;49972.31;49536.58;49972.05;78492799
2020-06-30;50157.78;50167.33;49485.53;49569.17;86804296
2020-07-01;49822.43;50137.51;49248.33;50104.2;55672407
2020-07-02;50345.25;51062.22;50297.92;50937.18;62064339
2020-07-03;51096.81;51130.2;50792.84;50959.44;37857969
2020-07-06;51509.88;51727.42;51235.45;51480.18;52737288
2020-07-07;51421.16;51422.65;50923;50973.66;51384568
2020-07-08;50850.59;50892.99;50540.98;50726.22;50401702
2020-07-09;50930.01;51051.44;50813.47;50844.47;54340522
2020-07-10;50499.24;50934.9;50334.91;50933.53;44477575
2020-07-13;51381.34;51421.63;51104.5;51168.14;57094952
2020-07-14;50931.58;50932.97;50303.79;50443.27;70822448
2020-07-15;50822.16;51063.02;50680.05;51008.62;66550687
2020-07-16;50898.32;51121.23;50773.63;51121.23;63047255
2020-07-17;51186.23;51186.59;50858.03;51046.47;60633073
2020-07-20;51018.23;52170.68;50954.06;52170.68;95379772
2020-07-21;52502.1;53332.13;52413.2;52537.11;129431793
2020-07-22;52565.85;52589.93;52145.34;52145.96;65657495
2020-07-23;52435.82;52435.82;51873.52;51890.42;66738334
2020-07-24;51314.57;51672.44;51114.47;51672.44;54528437
2020-07-27;51785.78;52235.5;51595.76;52215.51;67394524
2020-07-28;52215.77;52473.45;51796.17;52159.95;87066597
2020-07-29;52021.23;52154.53;51596.81;52045.58;81739638
2020-07-30;51976.96;52036.29;50024.6;50024.63;108343382
2020-07-31;50173.61;50945.41;50167.24;50468.16;73599118
2020-08-03;50659.32;51727.31;50637.27;51534.26;56029017
2020-08-04;51843.2;52186.49;51469.83;51690.75;58820579
2020-08-05;51981.39;52433.48;51981.39;52289.67;56759698
2020-08-06;52421.19;52540.24;51675.8;51816.87;50530772
2020-08-07;51778.16;51819.9;51419.26;51732.44;59036934
2020-08-10;51894.82;52087.1;51731.15;51934.45;36369210
2020-08-11;52055.51;52721.16;52032.45;52420.67;57596649
2020-08-12;52328.26;52517.36;52170.03;52487.84;50196828
2020-08-13;52596.37;53158.36;52565.91;52706.25;45577967
2020-08-14;52690.22;52691.46;52310.21;52631.64;33664495
2020-08-17;52748.52;52889;52447.48;52889;36967280
2020-08-18;52739.28;52799.91;52423.49;52490.77;63771983
2020-08-19;52519.31;52639.47;52224.8;52262.21;56817557
2020-08-20;51940.02;52029.57;51757.96;51842.65;44480382
2020-08-21;52182.38;52182.38;51725.81;51920.09;45537079
2020-08-24;52274.62;52472.01;52109.07;52424.18;39092811
2020-08-25;52696.42;52825.06;51959.33;51963.74;45574932
2020-08-26;51927.82;52518.38;51843.1;52518.38;42298608
2020-08-27;52449.62;52653.08;52270.75;52528.67;37241150
2020-08-28;52527.8;52687.05;52193.14;52237.26;36491914
2020-08-31;52352.04;52437.56;51479.2;51629.45;56416045
2020-09-01;51821.39;51842.05;50795.74;50937.27;51671377
2020-09-02;51273.43;51559.12;51124.59;51356.24;51993572
2020-09-03;51471.88;51838.52;50818.11;50915.67;47462004
2020-09-04;50353.68;50858.13;50307.56;50522.18;40054118
2020-09-07;50792.57;50988.15;50688.81;50815.26;41630220
2020-09-08;50955.3;50976.7;49120.07;49556.34;80695443
2020-09-09;49566.77;50757.07;49566.77;50757.07;51380635
2020-09-10;50815.95;50951.19;50188.78;50561.3;44557469
2020-09-11;50640.86;50837.27;50555.09;50737.57;32063616
2020-09-14;50982.8;51046.23;50424.87;50454.28;37521670
2020-09-15;50604.3;50610.88;49907.73;50037.97;50524201
2020-09-16;50108.19;50218.39;49716.39;49882.7;41845395
2020-09-17;49709.57;50035.54;49392.36;50035.54;45598506
2020-09-18;50161.8;50161.8;49697.27;49825.58;76677202
2020-09-21;49532.56;50246;48447.72;48447.72;78319484
2020-09-22;48702.96;48960.84;48526.44;48741.38;52331448
2020-09-23;48801.78;49173.03;48480.02;48482.58;64231103
2020-09-24;48040.24;48232.01;47763.86;48009.43;47896083
2020-09-25;48081.94;48406.98;47920.27;48294.74;68758446
2020-09-28;48750.61;49841.68;48750.61;49841.68;63331409
2020-09-29;49769.08;49769.08;49499.4;49499.4;40332970
2020-09-30;49367.1;49497.34;49102.74;49411.53;42991130
2020-10-01;49608.46;49692.36;48905.92;49035.41;43838260
2020-10-02;48836.1;49157.61;48572.22;49043.26;33120114
2020-10-05;49381.73;50053.79;49381.72;50014.64;42378210
2020-10-06;50228.29;50491.83;50091.72;50113.97;50298379
2020-10-07;50123.01;50231.08;49698.45;50207.28;38707984
2020-10-08;50442.13;50442.13;49553.14;49727.34;49122902
2020-10-09;49612.43;49612.43;48752.01;49191.09;57203475
2020-10-12;49328.5;49419.84;48889.74;48938.01;44813244
2020-10-13;48905.26;48922.98;48391.49;48464.15;47363871
2020-10-14;48568.04;49120.19;48477.99;48596.45;53934857
2020-10-15;48394.9;48394.9;47425.22;47482;58846425
2020-10-16;47601.96;48417.95;47601.06;48210.12;63714917
2020-10-19;48419.26;48841.18;48022.6;48128.15;53637255
2020-10-20;48085.75;48557.75;47905.31;48418.97;44956351
2020-10-21;48588.68;48588.68;47781.23;47912.13;40700852
2020-10-22;47719.87;48368.43;47606.93;47910.38;46912910
2020-10-23;48028.71;48304.55;47719.33;47846.25;80646387
2020-10-26;47566.27;47734.01;47339.79;47418.61;39183382
2020-10-27;47581.7;47768.62;46911.07;47198.4;46287574
2020-10-28;46775.99;46822.41;44651.87;45008.3;71803148
2020-10-29;45139.77;45291.73;44375.03;44840.6;56543123
2020-10-30;44433.75;44628.08;43679.41;44097.98;56950969
2020-11-02;44413.22;45334.97;44413.22;45177.16;53359303
2020-11-03;45543.15;47177.81;45510.32;47160.46;61401199
2020-11-04;46772.97;47294.2;46170.96;47294.2;51383416
2020-11-05;47809.56;48422.93;47656.12;48295.31;45575557
2020-11-06;48392.71;49058.29;47916.16;48962.48;46569222
2020-11-09;49431.74;51064.11;49088.85;50827.48;95727194
2020-11-10;50821.71;51562.13;50241.64;51280.02;86287621
2020-11-12;51220.51;51653.95;50973.48;51229.23;74069348
2020-11-13;51208.51;51208.93;50536.57;50636.31;46046920
2020-11-16;51050.43;51931.11;51049.51;51931.11;72996684
2020-11-17;51776.95;52011.32;51409.39;51781.8;57434990
2020-11-18;51768.06;52264.8;51685.64;52232.17;49895103
2020-11-19;52010.63;52159.96;51517.21;51651.4;44431073
2020-11-20;51581.83;52418.13;51521.77;52353.64;38699180
2020-11-23;52721.28;53359.62;52529.64;52734.84;55011596
2020-11-24;53051.76;53303.29;52770.4;53303.29;47501747
2020-11-25;53342.53;53492.15;52965.07;53401.8;52051389
2020-11-26;53434.18;53662.35;52934.11;53187.31;36531919
2020-11-27;53017.16;53302.48;52855.12;53302.48;47293035
2020-11-30;53076.28;53077.47;52379.74;52639.45;104730668
2020-12-01;53041.8;53566.71;52816.4;52932.37;54548329
2020-12-02;52957.95;54005.09;52836.97;53983.67;47100234
2020-12-03;54164.05;54164.18;53637.89;53967.82;44510841
2020-12-04;54189.84;55360.35;54189.84;55304.72;45636409
2020-12-07;55357.14;55667.65;54956.03;55567.38;63981204
2020-12-08;55289.18;56011.89;55147.18;56011.89;61494072
2020-12-09;56183.16;57219.58;56183.16;56632.69;112942040
2020-12-10;56713.91;56838.55;56073;56230.4;76105844
2020-12-11;56227.79;56476.17;54968.89;55501.03;61644303
2020-12-14;55657.12;55707.11;54921.97;55150.21;57204768
2020-12-15;55106.81;55680.27;55060.38;55614.04;50014622
2020-12-16;55841.67;56750.85;55841.67;56507.5;59906443
2020-12-17;56857.67;57204.71;55549.61;56176.07;72916003
2020-12-18;56369;56369;55585.33;55607.24;85197686
2020-12-21;55126.42;55169.46;53154.57;54139.25;66138440
2020-12-22;54317.82;55157.57;54317.82;55108.83;41481325
2020-12-23;55317.77;55881.89;55165.03;55843.46;43382978
2020-12-28;56223.64;57186.74;56223.64;57172.46;80355295
2020-12-29;57468.75;57878.17;57404.11;57701.4;60452188
2020-12-30;57741.72;57741.89;56972.8;57025.84;62059433
2021-01-04;57231.39;58127.26;57215.5;57954.68;85513264
2021-01-05;57841.42;58527.25;57700.58;58027.01;80924974
2021-01-07;58839.75;59695.25;58615.77;59687.54;95031874
2021-01-08;59869.08;60242.43;59517.65;59843.23;78072468
2021-01-11;59808;60520.71;59225.12;59772.63;68950857
2021-01-12;59995.42;60230.37;58752.75;59159.31;55320884
2021-01-13;59405.82;59412.27;58194.45;58532.83;65518872
2021-01-14;58571.42;58972.16;58564.85;58945.17;49908555
2021-01-15;58857.83;58926.16;57490.69;57872.92;56486700
2021-01-18;57885.65;58873.14;57590.89;58873.13;65725669
2021-01-19;59153.62;59469.18;57993.34;58042.59;63524207
2021-01-20;58163.49;58346.05;57489.49;58114.63;61408920
2021-01-21;58378.27;58617.5;57131.53;57226.74;64166860
2021-01-22;56997.73;57519.27;56741.31;57304.69;53288039
2021-01-25;57489.45;57602.25;56572.54;56999.79;62583523
2021-01-26;56789.66;57890.45;56689.8;57785.37;59775859
2021-01-27;57767.44;58139.93;56107.09;56453.85;88633773
2021-01-28;56139;57871.89;55301.68;57797.95;99916081
2021-01-29;57316.76;57757.49;56710.11;56978.68;75091033
2021-02-01;57333.63;57598.25;56992.03;57465.45;70837335
2021-02-02;57649.98;57808.78;56927.01;57256.73;73509412
2021-02-03;57499.49;57720.89;56805.35;56944.12;89182171
2021-02-04;57043.2;57390;56649.7;56669.86;82020635
2021-02-05;56974.12;57725.53;56924.01;57453.85;77590696
2021-02-08;57723.56;57920.69;57337.75;57439.05;78826229
2021-02-09;57586.69;57586.91;57068.25;57247.73;74872044
2021-02-10;57452.75;57543.48;56582.69;56752.37;58713616
2021-02-11;56959.55;57934.64;56907.21;57790.5;49355866
2021-02-12;57691.18;57765.08;57042.13;57428.07;47298194
2021-02-15;57708.86;58504.68;57708.86;58422.63;49708824
2021-02-16;58595.03;59715.93;58513.65;59415.71;102545274
2021-02-17;59463.8;59489.39;58882.87;59008.47;65763312
2021-02-18;59068.12;59696.07;58632.85;58684.46;130385697
2021-02-19;58824.24;59026.19;58388.32;58712.53;78130382
2021-02-22;58486.64;58486.93;58041.18;58157.32;53361400
2021-02-23;58383.46;58468.48;56330.97;57029.17;88258835
2021-02-24;57182.54;57891.81;57182.07;57596.33;72323167
2021-02-25;57995.89;58377.67;57642.45;57706.4;64520825
2021-02-26;57138.96;57342.68;56400.33;56970.3;83653786
2021-03-01;57483.39;58025.13;57249.84;58012.31;64205861
2021-03-02;58018.74;58552.4;57855.32;58299.06;62580699
2021-03-03;58488.98;59043.17;57711.61;57897;69324969
2021-03-04;57724.77;57992.01;57104;57869.71;67693199
2021-03-05;57663.65;57969.09;57419.42;57643.55;60270909
2021-03-08;57946.68;58374.79;57814.78;58332.29;65767532
2021-03-09;58370.44;59351.9;58305.75;58971.22;62993873
2021-03-10;59135.36;59555.51;59127.74;59291.68;67518944
2021-03-11;59561.31;59694.2;58792.81;59028.6;57059817
2021-03-12;59125.72;59574.57;58839.27;59443.12;46757975
2021-03-15;59607.82;60089.6;59432.71;59528.38;58709711
2021-03-16;59750.98;59826.84;59006.84;59088.73;65556898
2021-03-17;58732.84;58732.84;57215.66;57924.26;114744595
2021-03-18;58071.47;58576.95;57940.26;58405.96;62377218
2021-03-19;58116.72;58218.35;57595.05;57595.05;95348920
2021-03-22;57560.68;58216.36;57544.84;57789.28;70341688
2021-03-23;57894.55;57908.03;57226.83;57695.05;43340577
2021-03-24;57182.17;57395.13;56792.95;57082.3;65619013
2021-03-25;57147.34;57264.17;56230.49;56448.66;60857445
2021-03-26;57004.35;57657.28;56787.35;57525.64;44684233
2021-03-29;57681.34;58477.43;57681.34;58444.34;47702996
2021-03-30;58724.66;58818.18;58070.09;58249.46;37054630
2021-03-31;58432.15;58432.15;57899.38;58081.5;53100745
2021-04-01;58243.34;58614.49;58095.95;58512.71;51014400
2021-04-06;58832.72;60023.32;58832.72;60023.32;61806033
2021-04-07;60018.61;60018.61;59494.3;59695.31;50604311
2021-04-08;59874.38;59880.35;59140.77;59435.58;44422946
2021-04-09;59452.12;59699.72;59167.4;59389.97;62622901
2021-04-12;59374.82;59645.06;59183.11;59645.06;77542724
2021-04-13;59719.44;59749.86;59280.2;59413.21;51549950
2021-04-14;59774.34;60146.63;59774.34;60146.63;52309177
2021-04-15;60237.13;60435.44;59925.73;60279.93;47112525
2021-04-16;60249.72;60448.71;59894.92;60158.72;48521087
2021-04-19;60245.63;60754.83;59692.78;59785.22;52007697
2021-04-20;59871.36;60061.3;59237.64;59386.5;52235338
2021-04-21;59360.75;59360.75;58855.97;59083.55;44657608
2021-04-22;59304.46;59674.57;59304.46;59376.35;40774627
2021-04-23;59361.37;59390.73;58739.59;59355.67;41369780
2021-04-26;59595.7;59731.04;59180.69;59731.04;41383115
2021-04-27;59832.76;59951.36;59571.06;59654.18;39735092
2021-04-28;59771.28;60535.81;59771.28;60462.4;66201569
2021-04-29;61009.85;61719.29;60739.05;61043.33;76515440
2021-04-30;61258.46;61304.91;60731.64;60810.55;47096894
2021-05-04;60977.56;60994.24;59868.05;59960.14;54913672
2021-05-05;60241.66;61026.33;60241.66;60936.81;41330800
2021-05-06;61092.26;61641.21;60756.37;60898.92;53988960
2021-05-07;61323.04;62155.88;61306.28;62109;50950613
2021-05-10;62566.85;63273.92;62566.85;62757.16;55437745
2021-05-11;62525.09;62647.63;61815.02;62552.31;66716972
2021-05-12;62681.63;62927.63;62023.89;62214.14;44810320
2021-05-13;62101.51;62149.54;61105.76;62004.52;49346267
2021-05-14;62307.15;62352.33;61469.68;62237.55;42185841
2021-05-17;62646.7;63112.91;62646.7;63095.13;40458604
2021-05-18;63452.57;63727.55;63243.59;63307.2;42299492
2021-05-19;63035.45;63119.69;62574.25;62778.65;43779878
2021-05-20;63011.74;63341.01;62452.58;63262.41;49458111
2021-05-21;63363.55;63822.31;63279.05;63626.19;46088051
2021-05-24;63659.61;63705.8;63431.97;63639.36;37404274
2021-05-25;63890.89;64123.78;63592.28;64055.2;50461537
2021-05-26;64228.41;64485.83;63848.71;64427.81;55322430
2021-05-27;64571.69;65460.26;64472.07;65400.51;65971836
2021-05-28;65563.48;66195.47;65563.48;66195.47;69038709
2021-05-31;66358.34;66624.88;66113.4;66284.71;45050561
2021-06-01;66406.98;67055.57;66098.28;66278.91;48989195
2021-06-02;66475.78;66782.33;66357.99;66757.97;44542588
2021-06-04;66771.64;67053.84;66369.01;66877.18;48978850
2021-06-07;66856.66;67406.8;66712.06;66771.72;55314823
2021-06-08;66652.53;66755.31;66164.68;66497.71;47827807
2021-06-09;66586.48;66754.1;66047.03;66114.56;58440717
2021-06-10;66118.73;66600.62;65937.26;66507.19;45515555
2021-06-11;66572.08;66572.08;66187.04;66210.63;35668890
2021-06-14;66404.43;66924.39;66403.52;66924.39;33222279
2021-06-15;67161.55;67266.94;66297.73;66316.44;42533415
2021-06-16;66230.82;66583.49;66180.17;66180.17;43874507
2021-06-17;65839.51;66078.11;65677.67;65806.48;41979230
2021-06-18;65767.69;66077.07;65674.78;65988.89;71936153
2021-06-21;65741.49;66014.7;65203.6;65947.24;33392795
2021-06-22;66188.64;66323.36;65724.22;66200.05;31922541
2021-06-23;66481.18;66812.31;66152.09;66733.76;25009756
2021-06-24;66761.9;67821.4;66745.21;67745.39;38509202
2021-06-25;67719.54;68118.05;67662.22;67947.66;34803022
2021-06-28;67796.92;68148.54;67452.31;67999.07;28667591
2021-06-29;67892.78;67920.42;67129.5;67264.87;38847149
2021-06-30;67389.31;67389.31;66055.24;66067.21;50428747
2021-07-01;66284.69;66924.6;66271.85;66836.25;46287042
2021-07-02;67084.54;67300.38;66957.54;67027.89;37919275
2021-07-05;67247.69;67439.67;67229.22;67350.36;25708286
2021-07-06;67555.17;67577.65;66651.18;66651.18;28738019
2021-07-07;66964;68106.25;66955.55;67917.27;37772999
2021-07-08;67716.41;67716.41;66535.5;66598.05;36987077
2021-07-09;66905.63;67207.45;66553.5;67128.8;27786195
2021-07-12;67139.93;67291.6;66944.22;67162.04;31209182
2021-07-13;67320;67776.88;67287.8;67448.53;27591961
2021-07-14;67517.61;67917.66;67516.98;67631.56;29868838
2021-07-15;67636.93;67878.09;67183.56;67292.59;44695160
2021-07-16;67400.16;67668.34;67256.8;67329.44;26822084
2021-07-19;67059.55;67139.83;65523.24;65737.96;39439984
2021-07-20;65755.6;66257.33;65512.09;66110.12;33082756
2021-07-21;66308.62;67329.55;66308.62;67093.95;35855310
2021-07-22;67243.64;67447.29;66831.91;66882.41;23747685
2021-07-23;67177.59;67239.41;66964.57;67190.72;24550269
2021-07-26;67179.17;67344.99;66746.01;67223.21;21893263
2021-07-27;67226.54;67254.57;66562.29;66710.29;22337408
2021-07-28;66749.35;67371.1;66725.47;67346.18;24989890
2021-07-29;67657.67;67863.55;67560.39;67833.05;34620273
2021-07-30;67428.58;67684.04;67384.83;67637.95;37495139
2021-08-02;67943.76;68041.75;67707.64;67838.54;28432651
2021-08-03;68044.06;68239.59;67648.66;67805.79;30355072
2021-08-04;68097.37;68362.03;68014.77;68170.76;24891431
2021-08-05;68120.89;68256.77;67905.61;68256.77;28887263
2021-08-06;68432.4;68432.4;67964.01;68387.12;28030512
2021-08-09;68348.85;68560.24;68268.42;68487.65;26274143
2021-08-10;68516.73;68778.27;68411.39;68635.19;31192869
2021-08-11;68620.88;68813.65;68284.03;68813.65;33863600
2021-08-12;68765.39;69076.8;68679.07;69076.8;36607767
2021-08-13;69036.63;69254.4;68924.33;69254.4;25508973
2021-08-16;68919.16;69166.6;68767.01;68811.77;27668414
2021-08-17;68825.52;69175.89;68641.91;69160.02;30007986
2021-08-18;69117.58;69175.13;68549.96;68796.17;30532386
2021-08-19;68503.03;68503.03;67475.15;68035.61;35438522
2021-08-20;68013.25;68064.62;67748.67;67966.14;74993437
2021-08-23;68315.45;68816.76;68303.13;68763;49558587
2021-08-24;68936.81;69093.64;68639.33;69093.64;64997730
2021-08-25;69003.04;69728.77;68885.4;69728.77;57222599
2021-08-26;69571.62;69865.76;69362.99;69454.99;36868611
2021-08-27;69580.94;69774.86;69143.66;69774.86;51953146
2021-08-30;69897.47;70526.66;69897.47;70526.66;74829337
2021-08-31;70557.14;71111.3;70399.65;70930.15;89902108
2021-09-01;71068.85;71347.35;70918.53;70995.66;68486575
2021-09-02;71093.27;71431.16;70804.72;71431.16;54328201
2021-09-03;71454.87;71454.87;70967.77;71177.34;80253990
2021-09-06;71188.25;72170.41;71188.25;72170.41;114800826
2021-09-07;72029.67;72084.91;71608.51;71798.97;67277193
2021-09-08;71692.69;71692.69;70908.81;70970.4;75191213
2021-09-09;70794.55;71022.79;70499.17;70980.21;76612236
2021-09-10;71160.51;71464.34;71067.49;71091.23;71659791
2021-09-13;71267.78;71804;71216.32;71804;79135350
2021-09-14;71817.24;72244.3;71620.11;72040.73;72747100
2021-09-15;71715.67;71956.45;71509.28;71711.5;54641911
2021-09-16;71679.74;71992.58;71472.35;71674.66;63617819
2021-09-17;71596.59;71665.2;71037.31;71107.64;72757913
2021-09-20;70583;70583;68713.9;69144.42;73049268
2021-09-21;69063.24;69993.03;69061.84;69420.01;45878414
2021-09-22;70082.54;70960.98;69974.88;70950.82;34766676
2021-09-23;71412.38;71447.6;70622.61;70725.53;39322842
2021-09-24;70765.75;70813.42;70062.71;70162.59;32497261
2021-09-27;70489.8;70507.09;69847.72;70027.1;34846116
2021-09-28;70023.05;70179.46;69346.88;69440.48;44771392
2021-09-29;69406.76;70007.16;69326.38;69871.41;39316937
2021-09-30;70216.65;70410.35;70016.47;70340.86;57331900
2021-10-01;69837.38;70934.09;69635.93;70811.97;80657297
2021-10-04;70778.8;71782.03;70466.94;71265.39;92782712
2021-10-05;71305.98;71969.93;70894.91;71940.47;72632960
2021-10-06;71795.43;71968.27;71042.15;71789.34;131964475
2021-10-07;72051.31;72209.73;71445.53;72124.89;86454220
2021-10-08;72346.68;73397.44;72346.68;73327.72;77155216
2021-10-11;73386.39;74459.9;73349.17;74459.9;58858970
2021-10-12;73977.94;74860.4;73884.34;74736.92;76472649
2021-10-13;74673.69;74824.23;74007.92;74282.98;71524546
2021-10-14;74696.4;74808.28;74225.06;74524.78;68939563
2021-10-15;74540.81;74604.29;74016.76;74444.83;53015208
2021-10-18;74527.91;74936.61;74407.9;74651.77;36214673
2021-10-19;74827.82;74968.51;74092.19;74298.79;55510956
2021-10-20;74195.02;74401.6;73967.33;74222.39;79487607
2021-10-21;73768.8;73964.94;73641.92;73818.53;64177962
2021-10-22;73736.66;74129.17;73572.84;73602.06;40406156
2021-10-25;73721.72;73950.83;73654.35;73876.44;43113216
2021-10-26;73898.33;74163.36;73589.18;73909.36;48199780
2021-10-27;73662.17;73751.25;73005.38;73377.9;50221408
2021-10-28;73349.92;73524.34;73133.43;73217.44;44356022
2021-10-29;73159.21;74175.44;72940.77;73586.32;55914005
2021-11-02;73807.64;74163.21;73354.88;73770.02;71951703
2021-11-03;73986.18;74261.74;72724.77;72975.13;62651568
2021-11-04;73585.77;74725.82;73516.78;74659.51;61054614
2021-11-05;74565.22;74899.53;74347.21;74813.24;54552714
2021-11-08;75018.06;75018.06;74265.38;74431.48;39351668
2021-11-09;74378.42;74378.42;73539.99;73574.18;48577618
2021-11-10;73587.41;73902.29;72410.01;72794.96;65462666
2021-11-12;73267.1;73270.32;72574.53;72574.53;52506817
2021-11-15;72745.61;73281.82;72086.26;72086.26;47893914
2021-11-16;72325.52;72447.49;71938.9;72119.39;41828674
2021-11-17;72394.51;72443.13;71381.72;71522.51;40755903
2021-11-18;71308.85;71308.85;69871.31;70145.47;48420757
2021-11-19;70415.04;70527.88;68677.64;69415.67;57328385
2021-11-22;69545;69722.49;68863.32;69339.63;47704702
2021-11-23;69124.89;69724.16;68649.29;69573.78;42736617
2021-11-24;69725.88;69961.35;68821.04;69124.84;45781557
2021-11-25;69272.36;69342.24;68647.54;68860.62;33266292
2021-11-26;67287.85;67314.34;66365.51;66440.82;68149958
2021-11-29;66904.98;66957.15;65768.62;66648.65;60234439
2021-11-30;65940.54;67966.86;65915.5;67814.89;95624557
2021-12-01;68571.91;68793.95;67885.54;68513.01;52740418
2021-12-02;67976.69;68311.44;67670.97;68203.86;44102870
2021-12-03;68541.74;68836.96;67631.17;67730.01;45226639
2021-12-06;68009.91;68132.38;67586.6;67835.38;42898480
2021-12-07;68454.96;69009.39;68377.13;68979.12;49899156
2021-12-08;69285.93;69367.22;68586.93;68729.56;37833970
2021-12-09;68586.85;69107.64;67689.35;68326.8;43796799
2021-12-10;68097.45;68671.85;68097.45;68368.83;25516223
2021-12-13;68609.19;69140.58;68058.68;68230.1;40918412
2021-12-14;68513.76;68513.76;67621.4;67902.92;43219777
2021-12-15;67665.48;67700.01;66411.74;66570.63;43422957
2021-12-16;67454.5;68048.97;67218.46;67984.08;46693943
2021-12-17;67612.02;67775.33;66986.58;67153.1;93207649
2021-12-20;66100.81;67146.64;65750.84;67069.57;41873371
2021-12-21;67426.68;67522.91;67087.2;67163.26;37753890
2021-12-22;67336.42;67756.65;67231.7;67756.65;34230195
2021-12-23;67970.63;68251.88;67890.94;68120.16;46385531
2021-12-27;68258.28;68258.28;67653.01;68090.43;56825333
2021-12-28;67998.76;68777;67998.76;68737.48;65500769
2021-12-29;68629.83;69166.86;68629.83;69148.97;45275146
2021-12-30;69176.63;69296.26;68854.2;69296.26;43081149
2022-01-03;69667.28;70392.64;69667.28;70077.55;41067919
2022-01-04;70495.22;70514.03;70129.75;70469.03;47031567
2022-01-05;70273.57;70750.99;70146.88;70750.99;46096164
2022-01-07;70348.39;70863.53;69990.43;70850.99;44167420
2022-01-10;70959.53;71260.31;70361.52;70411.91;43229218
2022-01-11;70939.34;71722.88;70542.91;71706.57;49107396
2022-01-12;72255.12;73334.24;72251.38;73334.24;70016387
2022-01-13;73301.37;73697.5;73132.82;73245.28;62205766
2022-01-14;73106.68;73296.41;72266.53;72563.29;48356145
2022-01-17;72495.06;72682.57;72064.71;72250.41;43721291
2022-01-18;72021.47;72081.1;70911.85;70911.85;41192501
2022-01-19;70430.12;71205.73;70166.2;70733.07;73620310
2022-01-20;71029.38;71076.67;70144.2;70419.86;43157560
2022-01-21;69833.83;69881.49;68911.92;69265.35;51874168
2022-01-24;68998.2;69397.4;65673.3;66220.35;74150830
2022-01-25;66803.27;67433.84;66235.32;67047.4;49977951
2022-01-26;67339.1;68376.45;67339.1;68035.19;39073747
2022-01-27;67210.05;68294.2;67141.53;68131.21;34411847
2022-01-28;68080.79;68080.79;66447.05;66892.11;42486731
2022-01-31;67682.23;67734.76;67022.01;67418.41;41282346
2022-02-01;67968.28;68234.98;67671.91;67972.26;29313613
2022-02-02;68267.6;69062.32;68000.73;68875.71;50468765
2022-02-03;68766.54;68862.26;68273.23;68551;46684231
2022-02-04;68657.02;68769.52;67149.47;67149.47;38874718
2022-02-07;67717.85;67780.22;66560.67;67090.36;33358704
2022-02-08;67122.9;68071.99;67122.9;68071.99;39168799
2022-02-09;68280.67;68567.24;68149.67;68491.39;39096469
2022-02-10;68624.07;68664.83;67669.2;67939.86;30294795
2022-02-11;67450.64;67670.97;66748.24;67618;28239248
2022-02-14;66135.16;66494.34;64980.65;66094.22;49971133
2022-02-15;66444.36;67889.91;66444.36;67532.04;36501183
2022-02-16;68242.16;68537.26;67341.97;67607.05;33950735
2022-02-17;67713.42;67713.42;66297.72;66409.08;44223558
2022-02-18;66382.55;66806.76;65696.56;65696.56;31712921
2022-02-21;66026.34;66135.45;63248.93;63605.74;46350475
2022-02-22;61873.9;64482.62;61810.12;64384.3;60774791
2022-02-23;64806.12;65155.22;62826.09;62826.09;45355167
2022-02-24;59796.96;59796.96;54822.98;56086.65;157680847
2022-02-25;57308.49;60913.45;57308.49;60414.19;102120906
2022-02-28;58835.76;61216.18;58469.92;61141.35;117922861
2022-03-01;61478.81;62379.14;59973.9;60030.88;104872253
2022-03-02;59904.47;61659.59;59712.56;61659.59;140979496
2022-03-03;62140.55;62269.73;60747.53;61010.19;146584955
2022-03-04;60402.79;60556.1;57768.43;58386.18;97999666
2022-03-07;57235.36;59043.51;56468.97;58562.7;149418580
2022-03-08;58264.12;59578.76;57598.4;57908.79;84786997
2022-03-09;58932.66;59964.45;58709.38;59917.86;87505171
2022-03-10;60449.78;60461.43;59320.49;59796.72;69166273
2022-03-11;60284.54;61565.52;60222.24;61323.15;70867682
2022-03-14;61167.54;61363.42;60040.83;60044.05;53410995
2022-03-15;60040.69;61072.87;59378.19;60656.75;54494273
2022-03-16;61763.41;62488.8;61635.1;62488.8;72103900
2022-03-17;63132.35;64133.07;63052.33;64133.07;72802394
2022-03-18;64159.15;64408.4;63258.37;63658.84;110169560
2022-03-21;63885.76;64366.38;63299.62;63588.98;62897257
2022-03-22;63869.15;64347.59;63660.28;64318.55;57745188
2022-03-23;64596.85;65007.67;63886.81;64374.28;51220856
2022-03-24;64659.12;65225.9;64290.74;64948.68;62276378
2022-03-25;65178.45;65178.45;63988.05;64420.13;51808346
2022-03-28;64432.35;65111.64;64432.35;64581.93;43196329
2022-03-29;64959.31;66152.28;64230.04;65603.53;78242699
2022-03-30;65814.89;66052;65374.78;65909.37;52152441
2022-03-31;65917.22;66050.07;64900.36;64900.36;55212389
2022-04-01;65156.24;65740.4;65123.74;65716.19;53556601
2022-04-04;66049.06;66222.27;65431.66;65685.17;64211281
2022-04-05;65875.34;66041.07;64799.53;64906.52;44228945
2022-04-06;64926.56;64977.91;63705.02;64264.54;57680081
2022-04-07;64400.97;64508.62;63524.54;63524.54;50939898
2022-04-08;64011.06;64248.23;63443.23;63718.63;39805457
2022-04-11;63651.09;64494.3;63254.72;64494.3;46076199
2022-04-12;64182.83;64289.54;63811.01;63863.17;46915168
2022-04-13;64179.04;64290.21;63673.62;64037.41;36618725
2022-04-14;64328.39;64360.32;63642.98;63760.06;31237864
2022-04-19;63924.66;64003.09;62615.87;63200.73;42919641
2022-04-20;63528.81;63893.07;62780.02;62780.02;37154901
2022-04-21;63191.09;63364.45;62331.7;62331.7;44067409
2022-04-22;62036.35;62112.53;60903.71;60903.71;38147775
2022-04-25;59997.97;60590.12;59153.57;59442.53;59868710
2022-04-26;60110.8;60219.38;58824.84;58836.03;43473347
2022-04-27;58688.7;58777.85;57833.97;58139.06;46297238
2022-04-28;58934.65;58934.65;58050.33;58300.98;42179147
2022-04-29;58878.99;59202.07;57577.7;57754.98;103971628
2022-05-02;57632.68;57632.68;56686.74;56886.29;49015335
2022-05-04;57226.74;57226.74;56481.44;56695.38;56758253
2022-05-05;57700.02;57700.02;55457.43;55467.4;60906394
2022-05-06;55099.97;55237.12;54060.57;55237.12;49953226
2022-05-09;54793.52;55166.4;54177.95;54194.24;32347102
2022-05-10;54682.8;54687.29;53521.48;53951.73;48627472
2022-05-11;54165.66;54557.34;53677.96;53899.7;49261999
2022-05-12;52796.43;53558.08;52140.5;53074.58;61063614
2022-05-13;53890.3;55321.31;53890.3;55143.54;52627067
2022-05-16;55079.8;56112.96;54853.47;55260.52;43835979
2022-05-17;55790.81;56681.64;55450.04;56247.82;55287151
2022-05-18;56398.51;56984.38;56266.84;56292.6;52900334
2022-05-19;55169.66;55815.62;54977.73;55555.31;44743222
2022-05-20;56010.86;56315.09;55687.59;55687.59;41916624
2022-05-23;56565.75;57167.82;56478.67;57167.82;51539563.531396
2022-05-24;56777.03;57345.7;56513.96;56514.99;46868753
2022-05-25;57055.07;57101.14;56018.72;56167.94;34902901
2022-05-26;56277.66;57015.17;56038.76;56929.76;35542700
2022-05-27;57091.88;57115.74;56338.57;56609.87;38736012
2022-05-30;57167.21;57836.79;57033.83;57836.79;31939201
2022-05-31;57724.68;57914.62;57314.82;57432.29;85497292
2022-06-01;57485.16;57516.79;56852.04;57025.53;31953425
2022-06-02;57195.7;57382.62;56867.66;57227.34;27957406
2022-06-03;57659.58;57675.23;56707.54;56857.65;27972814
2022-06-06;57098.3;57642.64;56968.59;57588.05;21831012.476249
2022-06-07;57197.13;57249.71;56790.89;57098.75;27297618
2022-06-08;57149.62;57149.62;55874.28;56070.26;38050473
2022-06-09;55936.22;56266.72;55340.98;55440.27;29195138
2022-06-10;55009.88;55009.88;54157.23;54307.76;32502098
2022-06-13;53302.69;53657.24;52723.11;52854.04;39796895
2022-06-14;53258.59;53455.87;52733.58;53247.17;35298225
2022-06-15;53342.65;53364.12;52464.61;53357.34;38625995
2022-06-17;52514.82;53357.61;52370.43;52629.58;70471476
2022-06-20;53068.57;53166.04;52720.57;52939.91;30172046
2022-06-21;53440.07;54066.32;53335;54066.32;32292153
2022-06-22;53377;53377;52690.92;53001.66;33879067
2022-06-23;53068.4;53179.06;52274.01;52274.01;28451585
2022-06-24;52510.25;53116.94;52287.43;53014.11;28073750
2022-06-27;53401.86;53849.32;53271.54;53849.32;29598464
2022-06-28;54202.53;54663.55;54199.16;54492.82;36072956.370266
2022-06-29;53879.13;54699.63;53874.35;54699.63;36268386
2022-06-30;54108.49;54163.94;53360.96;53573.42;37920054.739253
2022-07-01;53471.57;54084.46;53417.61;53433.55;30875648
2022-07-04;53743.67;53743.67;52808.94;53455.23;36357254
2022-07-05;53868.36;53868.36;51749.11;52064.47;37038563
2022-07-06;52387.19;52737.26;51804.38;52139.6;46942421
2022-07-07;52657.79;53932.81;52636.8;53853.42;35112876
2022-07-08;53701.01;54663.11;53618.42;54611.02;37719380
2022-07-11;53788.43;54254.99;53673.81;54081.12;48165140
2022-07-12;53744.43;53788.8;52658.73;52667.43;43086728
2022-07-13;52897.67;52963.55;52106.35;52440.94;36003676
2022-07-14;52519.53;52650.4;51060.69;51418.11;40756762
2022-07-15;51592.62;51950.07;51302.65;51633.52;30203611
2022-07-18;52299.87;52947.63;52299.87;52947.63;30962643
2022-07-19;52708.88;53276.51;52480.32;53240.23;30527767.429008
2022-07-20;53742.87;53858.95;53258.47;53733.48;39245716
2022-07-21;53766.44;53896.52;52945.2;53415.38;38279100
2022-07-22;53611.58;54284.72;53577.14;54105.89;38256204
2022-07-25;53889.68;54290.63;53680.71;53707.85;36301346
2022-07-26;53816.95;53856.81;52817.14;52981.83;41501594
2022-07-27;53300.22;53377.47;52408.37;52873.92;51119747
2022-07-28;53354.24;53602.55;52976;53324.51;60437462
2022-07-29;53859.72;55007.36;53859.56;55007.36;55493846
2022-08-01;55070.99;55381.12;54827.71;55345.68;32611652.857143
2022-08-02;55042.61;55139.04;54693.11;54767.2;39935831
2022-08-03;54819.83;55021.07;54352.17;54841.05;45989134
2022-08-04;54912.52;55006.12;54210.68;54351.82;41989492
2022-08-05;54719.67;54917.28;53592.07;53863.78;33801959
2022-08-08;54237.15;55009.15;53934.44;55009.15;36654632.166666
2022-08-09;55040.65;55319.6;54668.34;54724.98;32755688
2022-08-10;54526.82;55100.99;54164.06;54955.75;38536981.108595
2022-08-11;55368.59;55774.95;54902.59;55774.95;32407926.04514
2022-08-12;55672.73;56121.6;55599.56;56070.42;35497237
2022-08-16;56244.21;56858.54;56018.29;56217.76;38305711
2022-08-17;56309.25;56317.34;54787.43;54867.57;37642288
2022-08-18;54704.51;55293.12;54632.76;55245.45;34347265
2022-08-19;54835.27;55076.13;54371.76;54398.69;35596877
2022-08-22;54034.65;54219.6;53106.34;53368.61;34721479
2022-08-23;53171.86;53954.79;53142.46;53689.66;52932169
2022-08-24;53470.43;53644.27;52577.28;52711.92;37949629
2022-08-25;53157.23;53585.17;52828.74;53074.42;48921308
2022-08-26;53139.82;53229;52100.93;52282.33;51622592
2022-08-29;51490.17;51539.11;50923.65;51274.1;40906072
2022-08-30;51537.09;51643.66;50240.74;50240.74;41180729
2022-08-31;50448.6;50605.52;49747.29;50174.09;65424443
2022-09-01;49678.88;49768.57;48479.34;48479.34;48554455
2022-09-02;48886.48;49671.47;48606.43;49671.47;50464537
2022-09-05;49159.05;49661.68;49061.44;49380.47;27439918
2022-09-06;49467.63;49726.74;48137.64;48373.48;37524092
2022-09-07;48059.94;48902.57;47796.75;48883.67;45941928.600203
2022-09-08;49396.73;49573.84;48752.57;49104.24;39576921
2022-09-09;49658.12;50708.61;49593.7;50708.61;39745407
2022-09-12;51043.86;51323.52;50372.35;51295.23;38150851
2022-09-13;51598.78;51638.56;49982.01;50065.29;41461810
2022-09-14;49761.33;50389.12;49761.33;50296.85;35497709
2022-09-15;50319.13;50860.53;50245.07;50571.87;41307720
2022-09-16;50321.1;50333.38;49030.96;49350.07;94480771
2022-09-19;49417.48;50071.88;49352.18;50071.88;34832104
2022-09-20;50352.59;50591.64;49209.6;49253.15;37135565
2022-09-21;49014.44;49594.19;48907.1;49477.58;37463429
2022-09-22;48933.31;49951.07;48920.91;49765.47;39456932
2022-09-23;49724.57;49724.57;47957.52;48081.16;38420210
2022-09-26;47305.86;47787.56;46550.49;47185.13;55811142
2022-09-27;47613.15;48166.39;47536.03;47859.82;39012513
2022-09-28;47289.26;47504.28;46569.31;47468.26;43722484
2022-09-29;47686.77;47730.58;45726.31;45864.62;43812059
2022-09-30;46226.86;46346.78;45597.65;45970.64;45518168
2022-10-03;45840.63;46312.48;45023.49;46312.48;37250524
2022-10-04;47046.13;48070.03;46957.26;48070.03;42330082
2022-10-05;48030.75;48030.75;47155.99;47160.97;29741865
2022-10-06;47559.04;47999.96;47021.53;47299.55;31050961
2022-10-07;47000.91;47316.8;46734.06;46911.05;29174209
2022-10-10;46529.45;46667.3;46070.95;46086.4;36376315
2022-10-11;45932.3;46743.24;45595.64;46217.66;37823044
2022-10-12;46441.13;46441.13;45870.77;46071.33;41048064
2022-10-13;46020.04;46239.19;45017.5;45621.39;47180551
2022-10-14;46719.02;46913.46;46297.16;46570.39;41666970
2022-10-17;46567.39;47120.45;46243.22;47009.07;28948279
2022-10-18;47237.86;47665.25;47104.48;47349.71;47535615
2022-10-19;47386.83;47386.83;46453.98;46509.19;37002946.5
2022-10-20;46504.95;47365.6;46215.3;47283.29;51307095
2022-10-21;46956.85;47261.27;46363.63;46768.23;35686928
2022-10-24;47254.77;47639.44;46832.68;47370.66;41781031
2022-10-25;47594.06;47893.27;47133.74;47700.34;46711400
2022-10-26;47753.64;48934.47;47753.64;48934.47;44389511
2022-10-27;48870.62;49437.4;48636.16;49437.4;46586540
2022-10-28;48956.1;49729.37;48771.67;49547.35;63505531
2022-10-31;49691.18;50432.55;49579.85;50432.55;45499219
2022-11-02;50837.89;51392.8;50788.65;51334.82;56340957
2022-11-03;50522.28;50941.2;50413.08;50915.87;41313710
2022-11-04;51339.76;52393.85;51339.76;52300.2;48698045
2022-11-07;52433.13;53321.2;52349.46;52682.32;67372611
2022-11-08;52617.19;53324.24;52307.52;53324.24;46595638
2022-11-09;53334.53;53731.85;53161.91;53294.45;47106850
2022-11-10;52967.78;54480.61;52564.14;54421.13;55177688
2022-11-14;55023.92;56243.58;55023.92;55812.08;73626424
2022-11-15;56212.63;56712.7;55374.27;56385.92;59451961.841118
2022-11-16;55642.15;56121.94;55304.98;55612.11;53928062
2022-11-17;55750.37;55831.86;54443.52;54791.43;42396264
2022-11-18;54909.94;55312.44;54337.26;54891.25;39134280
2022-11-21;54850.98;54893.75;54235.77;54259.77;37405677
2022-11-22;54362.3;55463.06;54174.37;55166.92;38645231
2022-11-23;55452.59;55681.12;54912.79;55119.04;39064265
2022-11-24;55554.5;56107.93;55338.88;56107.93;40197860
2022-11-25;55945.25;56440.71;55718.92;56280.53;30632113
2022-11-28;56042.53;56134.79;55655.97;55748.47;35290320
2022-11-29;56076.89;56123.57;55452.88;55942.67;53114275
2022-11-30;56161.03;56577.34;55755.14;56058.18;157734452
2022-12-01;56695.1;56867.54;56265.81;56867.54;61099776
2022-12-02;56619.99;56622.03;56006.71;56207.29;47418303
2022-12-05;56494.69;57021.59;56367.57;56478.83;35369401.74359
2022-12-06;56191.88;56273.37;55768.35;55908.34;34363177
2022-12-07;55634.23;56079.38;55608.42;55983.89;31408019
2022-12-08;55916.34;55948.08;55447.35;55717.43;38228794
2022-12-09;55925.4;55979.47;55518.12;55836.35;34466960
2022-12-12;55663.78;56571.91;55464.96;56515.01;30886749
2022-12-13;56559.88;57785.23;56171.97;57362.88;39509027
2022-12-14;57273.98;57584.17;57264.37;57447.38;32279391
2022-12-15;57137.13;57200.74;56199.59;56450.56;41149206
2022-12-16;56092.65;56367.36;55598.8;56032.12;66441277
2022-12-19;56072.3;56400.23;55977.92;56118.16;27242716
2022-12-20;55678.17;56656.26;55643.34;56656.26;27863149
2022-12-21;56705.77;57291.89;56475.29;57291.89;28331378.010116
2022-12-22;57344.84;57545.79;56976.04;57088.69;24809425
2022-12-23;57021.53;57112.15;56802;57039.91;21274154
2022-12-27;57342.01;57355.9;56473.03;56574.46;28019119
2022-12-28;56488.86;56811.6;56398.97;56641.19;33726128
2022-12-29;56673.76;57637.95;56572.72;57637.95;26811699
2022-12-30;57421.88;57548.02;57283.79;57462.68;28085169
2023-01-02;57578.13;58118.99;57512.46;57694;28108343
2023-01-03;57871.29;59044.73;57785.32;58795.62;59942444
2023-01-04;58944.64;59781.73;58881.22;59754.4;48757454
2023-01-05;59568.59;60645.24;59524.48;59854.8;55610264
2023-01-09;60649.5;61364.58;60571.24;61364.58;57760407
2023-01-10;60984.99;62024.09;60860;61967.33;44148316
2023-01-11;62101.65;62450.32;61252.96;61279.52;54059719
2023-01-12;61540.96;62233.89;61436.15;61751.5;72734267
2023-01-13;61844.3;62000.18;61206.3;61565.83;37862378
2023-01-16;61650.84;62073.15;61028.66;61867.14;41870595
2023-01-17;61800.72;61862.74;60912.28;61041.14;38334524
2023-01-18;61189.63;61579.29;60756.32;61176.97;54480483
2023-01-19;60634.86;60893.33;59952.2;60555.94;51857183
2023-01-20;60856.94;60878.93;60375.17;60788.05;36939535
2023-01-23;61217.8;61738.64;61066.44;61619.86;40763425
2023-01-24;61961.48;62288.93;61370.25;61500.61;45377474
2023-01-25;61013.76;61053.48;60369.58;60530.45;41744991
2023-01-26;61188.65;61446.27;60706.81;61235.79;35468953
2023-01-27;61357.11;61606.21;61202.73;61269.7;35595206
2023-01-30;60996.02;61018.69;60445.03;60589.15;37363543
2023-01-31;60427.35;61362.75;60332.71;61286.58;45828020
2023-02-01;61294.61;61509.93;60488.42;60488.42;49278624
2023-02-02;61312.43;61685.76;60758.74;61367.64;46575761
2023-02-03;61297.78;61753.12;61189.29;61465.85;37108579
2023-02-06;61285.22;61340.03;60318.18;60343.17;34189497
2023-02-07;60628;60659.03;60181.82;60491.08;33862443
2023-02-08;60997.36;61218.89;60826.99;60952.29;31004378
2023-02-09;61233.13;61791.66;61179.12;61394.17;36512897
2023-02-10;61035.89;61091.53;59742.03;60008.87;45183620
2023-02-13;60364.72;60375.59;59726.8;60106.84;34271071
2023-02-14;60325.46;60521.65;59876;60141.79;31690861
2023-02-15;60004.29;60611.64;59937.26;60584.75;30216509
2023-02-16;60876.8;61038.82;59967.76;60608.71;41605635
2023-02-17;60206.85;60630.89;60086.05;60459.17;31220258
2023-02-20;60597.17;60597.17;60055.23;60242.74;24124994
2023-02-21;60086;60218.55;59207.19;59514.95;28460499
2023-02-22;59363.04;59374.81;58411.69;58700.74;33934683
2023-02-23;58866.16;59509.86;58834.54;59474.66;26087032
2023-02-24;59494.83;59704.92;58914.42;59051.34;24307432
2023-02-27;59206.13;59603.55;59009.02;59406.03;23373038
2023-02-28;59240.99;60181.4;59158.14;60181.4;42268218
2023-03-01;60369.79;60767.21;60252.98;60502.07;31678967
2023-03-02;60241.13;60241.13;59377.49;59469;43888183
2023-03-03;59733.01;60205.87;59611.11;60205.87;32859499
2023-03-06;60558.69;61396.59;60477.96;61253.26;35199375
2023-03-07;61137.93;61554.09;60830.14;60852.51;42244028
2023-03-08;60681.26;61198.19;60558.82;61096.28;42356347
2023-03-09;61071.2;61071.2;60604.2;60642.79;31765452
2023-03-10;59740.32;59836.05;59172.5;59570;42298349
2023-03-13;59843.48;59843.48;57548.67;58204.15;50194292
2023-03-14;58249.17;58679.59;57847.72;58386.16;34897592
2023-03-15;58443.39;58722.03;56745.69;56844.08;45094674
2023-03-16;57326.66;57417.47;55840.78;56905.06;49667867
2023-03-17;57385.59;57589.44;56013.48;56283.05;63682889
2023-03-20;55639.98;56526.41;54837.78;56451.04;36192245
2023-03-21;56871.12;57503.61;56781.4;57317.98;38359002
2023-03-22;57288.55;57686.62;56952.06;56989.76;30131627
2023-03-23;56911.11;57161.16;56310.68;56983.56;28642210
2023-03-24;56819.14;56819.14;55757.18;56024.38;33198847
2023-03-27;56438.84;56673.73;55951.25;56502.5;29354342
2023-03-28;56881.65;57252.92;56577.34;56770;40283443
2023-03-29;57157.35;57250.5;56623.5;57173.15;45438195
2023-03-30;57478.53;58665.21;57478.53;58665.21;49466414
2023-03-31;58972.84;58998.58;58480.56;58608.76;55680124
2023-04-03;58827.01;59607.77;58780.16;59045.1;44122518
2023-04-04;59329.16;59620.75;58932.85;59027.2;34555669
2023-04-05;59102.07;59102.07;58464.5;58548.76;34781572
2023-04-06;58672.93;58819.56;58395.22;58538.87;21871863
2023-04-11;58886.43;59538.91;58691.1;59538.91;41336811
2023-04-12;59432.17;60345.95;59211.28;60262.5;44044838
2023-04-13;60160.28;61063.22;60101.05;60938.85;45536270
2023-04-14;61244.8;61597.5;61078.76;61293.06;40597998
2023-04-17;61514.36;61733.03;61403.56;61656.26;37725630
2023-04-18;61768.58;62876.11;61603.67;62496.3;36135468
2023-04-19;62312.82;62537.42;61818.61;62435.08;31698594
2023-04-20;62428.57;63195.06;62428.57;62756.88;38416447
2023-04-21;62320.64;62526.82;62008.68;62409.21;31145154
2023-04-24;62290.91;62827.76;62030.54;62642.5;31105441
2023-04-25;62521.64;62686.74;62048.63;62147.08;32386329
2023-04-26;62037.83;62351.34;61537.33;61980.14;33670521
2023-04-27;62151.15;63633.69;62151.15;63569.86;35330941
2023-04-28;63780.13;63780.13;62811.56;62948.5;36972166
2023-05-02;63059.44;63731.79;62839.63;62839.63;31339692
2023-05-04;62880.98;63191.02;61800.83;61875.44;45087750
2023-05-05;62162.22;62734.96;61973.52;62692.96;26783658
2023-05-08;62896.35;63510.47;62804.1;63135.67;41287065
2023-05-09;63063.79;63206.35;62704.67;63189.09;29490615
2023-05-10;63393.53;64104.16;63014.16;63573.42;46906070
2023-05-11;63621.02;63909.31;63029.98;63144.1;36713850
2023-05-12;63335.26;63928.18;63151.35;63669.39;42030576
2023-05-15;63982.2;64156.42;63456.5;63691.31;37539768
2023-05-16;63562.95;64156.44;63457.36;63940.58;30972567
2023-05-17;63770.98;63881.19;63419.58;63519.2;37438355
2023-05-18;63974.09;64130.25;63498.61;63629.04;38829135
2023-05-19;63928.01;64940.29;63845.78;64919.22;40208209
2023-05-22;64978.85;65614.31;64837.37;65430.97;41897961
2023-05-23;65472.23;65992.36;65347.86;65419.25;36996149
2023-05-24;65025.86;65100.72;64018.02;64116.96;35900200.728658
2023-05-25;64265.98;64265.98;63441.9;63671.87;34007702
2023-05-26;63787.38;64830.63;63637.03;64788.01;28171954
2023-05-29;65081.44;65081.44;64608.08;64683.98;19469437
2023-05-30;64459.13;64461.76;63792.2;63820.35;30089105
2023-05-31;63344.45;63344.45;62127.83;62285.97;73778745
2023-06-01;62692.13;63702.57;62533.77;63636.25;28042576
2023-06-02;64242.58;65654.39;64219.18;65654.39;36876477
2023-06-05;65882.4;66514.33;65464.56;65683.04;30244357
2023-06-06;65719.15;66687.78;65638.59;66567.5;42866013
2023-06-07;66491.8;66571.38;65819.35;66093.75;32811341
2023-06-09;66517.42;66801.86;66274.58;66531.53;31693144
2023-06-12;66582.4;66895.29;66213.39;66297.57;30316516.854021
2023-06-13;66635.16;66635.16;65605.77;65619.25;43447628
2023-06-14;65795.41;67102.77;65769.53;67005.54;53293877
2023-06-15;66965.76;67578.46;66488.06;67556.07;45843735
2023-06-16;67747.36;68433.53;67667.16;67850.51;87705210
2023-06-19;67711.49;68154.09;67343.69;67358.25;33169625
2023-06-20;67294.21;67505.85;66823.12;66889.25;26513047
2023-06-21;66996.35;67440.58;66791.59;67178.62;26496586
2023-06-22;67105.43;67562.09;66730.23;67277.2;27495739
2023-06-23;67033.06;67229.24;66227.66;66272.99;25126133
2023-06-26;66502.88;67311.29;66057.16;67119.55;22799607.570342
2023-06-27;67343.36;67484.43;66011.99;66398.81;28816768
2023-06-28;66862.24;67170.77;66254.82;66690.08;28526256.681489
2023-06-29;66832.88;67331.68;66757.93;67245.28;29952006
2023-06-30;67421.63;67452.66;66766.33;67283.22;29667325
2023-07-03;67512.95;68024.98;67382.92;67962.32;28004779
2023-07-04;68037.43;68037.43;67434.88;67473.88;23478568.498501
2023-07-05;67346.55;67362.7;66424.23;66461.04;37794616
2023-07-06;66077.61;66692.85;65743.85;66408.37;48584108
2023-07-07;66498.55;67212.57;66462.91;67181.67;32355140
2023-07-10;66927.42;67523.21;66828.24;67516.6;23163238
2023-07-11;67968.89;68016.84;67639.31;67934.82;26635354
2023-07-12;68139.09;69667.83;68122.17;69667.83;38022326
2023-07-13;69702.97;70082.54;69530.79;69740.36;36054984
2023-07-14;69632.54;70566.9;69576.1;70242.39;29709566
2023-07-17;70111.73;70998.33;70111.73;70682.89;81771478.72
2023-07-18;70787.15;71383.58;70615.3;71383.58;42796291
2023-07-19;71579.52;71855.89;71389.77;71636.2;36885757
2023-07-20;71440.68;71798.13;71240.57;71377.56;30094293.797306
2023-07-21;71448.81;71453.29;70924.82;71298.19;26899066
2023-07-24;71406.32;71850.63;71406.32;71717.01;26973436
2023-07-25;71836.85;72110.46;71548.35;71941.81;27528482
2023-07-26;72046.54;72118.81;71216.4;71385.58;24322855
2023-07-27;71654.72;72129.48;71525.36;71986.43;30832394
2023-07-28;71812.38;72061.36;71558.08;71965.41;26900633
2023-07-31;72107.48;72440.23;71955.63;72268.53;37213131
2023-08-01;72288.12;72293.56;71783.15;72115.48;28190767
2023-08-02;71494;71533.78;70814.36;70814.36;29558592
2023-08-03;70738.18;70799.42;70233.49;70751.1;25548852
2023-08-04;71278.02;71587.86;71117.13;71471.63;21205919
2023-08-07;71339.35;71377.48;70697.96;70846.61;24677330
2023-08-08;70539.76;70548.2;69550.61;69749.31;28165162
2023-08-09;70308.35;70552.98;69765.13;69991.47;33441446
2023-08-10;70156.85;71188.65;70156.85;70897.73;33127466
2023-08-11;70587.21;70751.55;70123.23;70503.71;23583806
2023-08-14;70121.03;70528.32;69980.25;70144.12;21646776
2023-08-16;69764.25;69821.45;68746.98;68885.11;36112363
2023-08-17;68830.99;69122.19;67969.58;68299.82;25564450.84083
2023-08-18;67938.91;68128.67;67601.89;68084.46;28366244
2023-08-21;68131.76;68473.49;67948.56;68295.2;28650092
2023-08-22;68556.11;68709.72;68065.92;68161.12;33570481
2023-08-23;68303.99;68413.71;67573.93;68153.41;29083450.511415
2023-08-24;68485.1;68775.14;67969.88;68007.57;24754376
2023-08-25;67420;68137.57;67377.16;67706.43;27415229
2023-08-28;68091.88;68767.46;67760.75;68721.61;26809800
2023-08-29;68837.76;69075.94;68490.39;68794.91;33827819
2023-08-30;68933.06;69108.91;68641.26;68979.76;20635943
2023-08-31;68969.13;69168.1;68379.48;68431.46;46519916
2023-09-01;68427.64;69102.87;68354.52;69017.61;34422441
2023-09-04;69098;69326.48;68324.56;68356.52;38938131
2023-09-05;68314.47;68799.56;67733.54;67828.6;30350248
2023-09-06;67794.13;67945.67;66299.84;66747.11;51989027
2023-09-07;66475.26;66833.54;65475.46;65932.92;37643004
2023-09-08;66291.69;66563.26;65963.63;66542.34;28408043
2023-09-11;67008.4;67153.62;66245.71;66466.05;26511968
2023-09-12;66612.08;66690.09;66183.59;66559.85;30995034
2023-09-13;66498.04;66753.92;66277.57;66663.75;29783731
2023-09-14;66961.88;67199.88;66626.84;67199.88;31923802
2023-09-15;67393.06;67738.86;67315.18;67368.11;61122840
2023-09-18;67375.83;67556.32;66402.65;66439.42;30866987
2023-09-19;66660.08;66722.13;65948.74;66136.36;33245474
2023-09-20;66296.05;67375.46;66254.58;67293.01;30732390
2023-09-21;66795.39;66795.39;66163.63;66528.72;25869113
2023-09-22;66499.72;66722.56;66187;66519.31;25533630
2023-09-25;66425.3;66741.01;65606.13;65788.09;27992561
2023-09-26;65621.67;65964.21;65081.64;65760.08;26399872
2023-09-27;65719.12;65842.68;64884.38;64884.38;26931569.684692
2023-09-28;64927.94;64929.18;64082.91;64417.96;43456004
2023-09-29;64802.21;65680.36;64802.21;65397.43;37836337
2023-10-02;65427.74;65474.09;64187.58;64190.54;31673741
2023-10-03;63997.75;64277.22;63620.72;63776.83;38957525
2023-10-04;63328.86;64808.5;63210.28;64282.18;37508804
2023-10-05;64653.56;64695.11;63799.77;63799.77;33496671
2023-10-06;63680.75;64451.75;63488.19;63903.35;51481648
2023-10-09;63747.05;65254.93;63515.7;65008.48;35870293
2023-10-10;65469.49;66748.73;65405.16;66571.49;42860663
2023-10-11;66693.24;67411.32;66506.66;67053.03;53318287
2023-10-12;67226.16;67301.87;66536.23;66682.65;51122508
2023-10-13;66550.85;67422.62;66494.52;67061.9;48226490
2023-10-16;68544.19;70459.21;68359.3;69960.65;87022935
2023-10-17;69960.5;71985.29;69960.5;71222.64;67689950
2023-10-18;70909.96;71577.17;70435.56;70474.84;56090274
2023-10-19;70014.56;70115.06;69061.15;69156.94;41352287
2023-10-20;68665.7;68979.58;68120.13;68361.11;34276864
2023-10-23;68428.48;68561.13;68017.89;68128.89;39614084
2023-10-24;68646.9;69649.66;68646.9;69219.49;44582620
2023-10-25;69505.34;70478.83;69196.69;70221.81;37550930
2023-10-26;69412.37;70940.16;69208.07;70779.06;32215426
2023-10-27;70931.98;71087.37;70231.33;70290.31;27371918
2023-10-30;70656.6;71224.16;70567.93;71023.24;27720400
2023-10-31;71023.93;72112.37;70982.76;71582.26;40720259
2023-11-02;72332.75;72403.26;71411.24;71835.07;40304294
2023-11-03;71962.03;72741.95;71823.49;72473.24;36612346
2023-11-06;72798.91;73293.69;72529.2;72823.52;31708094
2023-11-07;72406.74;72915.74;71968.16;72266.7;32104071
2023-11-08;72169.58;72361.26;71350.73;71542.19;28238932
2023-11-09;71735.84;72411.6;71311.83;72411.6;32494391
2023-11-10;72224.52;72399.84;71396.24;71545.8;24859457
2023-11-13;71814.11;72157.29;71183.71;71199.05;32184246
2023-11-14;71526.53;74305.32;71435.85;74171.3;40613441
2023-11-15;74514.06;74960.59;73566.96;73688.49;46143018
2023-11-16;73786.39;74262.59;73475.23;73738.01;55470685
2023-11-17;73711.58;74154.71;73466.92;74091.85;35052829
2023-11-20;74207.14;75236.8;74060;74783.93;39183541
2023-11-21;74849.05;75287.7;74257.3;74711.48;32139874
2023-11-22;74733.54;74822.72;74332.29;74733.66;27902362
2023-11-23;74767.54;75081.51;74343.41;74444.82;25681531
2023-11-24;74515.04;74745.21;74256.62;74469.99;37006610
2023-11-27;74638.04;74638.04;73535.52;73969.84;34921100
2023-11-28;73931.7;75043.24;73918.24;75010.76;36816430
2023-11-29;74870.3;74870.3;74017.31;74512.08;55945913
2023-11-30;74456.44;74838.18;74264.07;74264.07;61768803
2023-12-01;74512.7;76319.05;74328.74;76319.05;38876377
2023-12-04;76286.69;76873.82;76145.09;76343.08;28206538
2023-12-05;76354.64;77373.26;76150.45;76867.53;35913122
2023-12-06;77105.86;77666.22;76885.85;77161.39;34862868
2023-12-07;76888.01;76888.01;75979.23;76516.02;29729671
2023-12-08;76839.13;77390.71;76839.13;77111.85;28128253
2023-12-11;77448.69;77728.84;77103.27;77389.38;27014260
2023-12-12;77756.77;77756.77;76635.25;76840.65;36384012
2023-12-13;76740.03;77201.81;76583.14;76948.6;31415984
2023-12-14;77647.8;77792.91;77274.31;77407.14;41472607
2023-12-15;77545.18;79011.65;77345.92;77647.1;91564735
2023-12-18;77748.44;78242.51;77620.67;78144.18;31402988
2023-12-19;78149.65;79162.26;78010.71;78742.72;35220082
2023-12-20;78889.22;79465.55;78405.48;78555.5;31088382
2023-12-21;78341.36;78840.93;78237.66;78723.4;34596165
2023-12-22;78560.6;78814.86;78409.07;78667.79;27003709
2023-12-27;78916.6;79460.94;78784.47;79246.98;37988715
2023-12-28;79451.43;79548.69;78935.53;78937.48;27448059
2023-12-29;78961.91;79159.47;78202.6;78459.91;37865674
2024-01-02;78685.78;78829.94;76962.2;77451.31;45772344
2024-01-03;77502.23;77503.26;76183.08;77053.98;40468348
2024-01-04;76979.54;77132.11;76287.74;76827.85;35546255
2024-01-05;76460.98;76661.07;75293.42;76593.76;32729154
2024-01-08;76233.7;76970.13;75607.1;76876.5;32344467
2024-01-09;77246.26;77369.92;76719.78;77268.35;30565572
2024-01-10;77218.18;77580.6;76666.92;76840.58;32020574
2024-01-11;77014.21;77267.89;75983.41;76042.95;34644789
2024-01-12;76267.53;76729.49;75851.9;76106.23;40582943
2024-01-15;76289.77;76289.77;74849.76;75127.54;26253248
2024-01-16;74778.46;75056.91;74349.48;74950.09;26146324
2024-01-17;74536.86;74536.86;73482.75;73582.3;40215608
2024-01-18;74033.53;74456.42;73729.6;74367.89;29705642
2024-01-19;74808.9;75108.62;74507.43;74774.93;33792247
2024-01-22;75338.17;75452.08;74623.07;74954.24;31235526
2024-01-23;75238.38;75238.38;74114.36;74601.92;24788265
2024-01-24;75050.22;75684.1;74778.99;75351.32;35378772
2024-01-25;75359.46;75466.89;74949.95;75219.71;81900326
2024-01-26;74937.2;75714.73;74878.41;75683.59;50115541
2024-01-29;75547.55;75673.42;75240.56;75347.11;28927223
2024-01-30;75452;76189.13;75336.7;76072.25;48782835
2024-01-31;76110.98;77522.06;76099.18;77416.31;43077699
2024-02-01;76954.85;78810.87;76942.11;78417.88;47902343
2024-02-02;78788.52;80044.46;78788.52;79575.14;42811505
2024-02-05;79980.52;80392.31;78897.5;79002.75;56516703
2024-02-06;79352.44;79819.12;78823.15;79150.11;67043880
2024-02-07;79222.15;79660.92;79003.37;79473.35;51713110
2024-02-08;79591.22;79708.98;78520.47;78711.66;36041563
2024-02-09;78897.08;78897.08;78279.57;78450.66;44258857
2024-02-12;78748.83;79638.75;78252.91;79424.63;39285940
2024-02-13;79526.85;79526.85;77695.66;78038.67;50728536
2024-02-14;78080.74;79421.21;78037.54;79421.21;36364297
2024-02-15;79476.72;79823.12;78850.39;79333.22;34421311
2024-02-16;79815.04;80619.71;79725.27;80147.01;29248259
2024-02-19;80122.34;80915.96;80122.34;80827.33;23328303
2024-02-20;80749.59;81944.21;80665.65;81780.51;35780704
2024-02-21;81914.98;82268.96;81363.65;81412.34;35596744
2024-02-22;82349.95;82631.66;81988.65;82464.52;43908580
2024-02-23;82713.27;83704.53;82543.52;83265.56;42552093
2024-02-26;83335.33;83471.72;83005.35;83116.29;36397278
2024-02-27;83134.84;83797.23;82767.69;83007.32;34889016
2024-02-28;82998.99;82998.99;81536.35;81661.42;35657949
2024-02-29;82073.92;82655.31;81747.21;81944.56;74889851
2024-03-01;82468.19;82575.26;81549.1;82172.36;31026994
2024-03-04;82617.37;82715.41;81210.44;81264.27;35133961
2024-03-05;80867.18;81103.57;80358.94;80537.55;37000782
2024-03-06;80673.65;81075.32;80421.52;80742.03;32585626
2024-03-07;80224.68;80224.68;79317.59;79879.2;33749344
2024-03-08;80149.45;80274.54;79100.74;80199.54;40552621
2024-03-11;79894.99;80359.43;79662.62;80359.43;38615822
2024-03-12;80604.85;82005.74;80284.17;81916.43;42195026
2024-03-13;81948.5;82365.84;81410.36;81647.32;37772076
2024-03-14;81838.5;82234.72;81478.69;81787.89;43960562
2024-03-15;81798.61;82009.69;78934;80199.35;98287319
2024-03-18;80504.27;80663.51;79482.5;79997.2;33038831
2024-03-19;79908.84;80200.87;78497.89;79698.76;33108617
2024-03-20;79763.68;79967.33;79026.95;79709.28;26346980
2024-03-21;80831.57;81814.93;80673.19;81814.93;33129187
2024-03-22;81375.81;82001.11;80922.68;80992.64;28097998
2024-03-25;80833.15;81070.17;80049.66;80081.15;25233602
2024-03-26;80339.08;81444.73;79854.19;81286.31;33008942
2024-03-27;81321.64;81613.03;81137.2;81560.33;25311755
2024-03-28;81691.81;82823.03;81691.81;82745.58;35220294
2024-04-02;83160.52;83958.85;82633.86;82895.6;49800515
2024-04-03;83065.92;83428.23;82418.14;82863.21;35887366
2024-04-04;83226.8;83929.78;82879.14;83866.96;43698157
2024-04-05;83116.51;83642.11;82917.56;83642.11;40556332
2024-04-08;83917.58;84795.09;83866.3;84664.91;37505970
2024-04-09;84899.66;85274.91;83523.14;83705.16;42955119
2024-04-10;84402.05;84773.93;83751.17;84406.4;62875151
2024-04-11;84510.35;84657.56;83492.27;83492.28;52924272
2024-04-12;84178.38;84487.68;82862.81;82864.67;40715466
2024-04-15;83486.8;83785.68;83023.17;83173.12;37522002
2024-04-16;82343.5;82518.5;81037.09;81281.34;43771773
2024-04-17;81586.98;82755.3;81510.52;82393.93;47049744.5974
2024-04-18;82918.55;83217.39;81977.68;83189.46;42589117
2024-04-19;82679.57;83255.79;82497.74;83206.02;47770604
2024-04-22;83604.34;84537.08;83507.45;84463.9;45038884.901374
2024-04-23;84854.93;85405.56;84343.42;84839.47;39585940
2024-04-24;85236.38;85282.5;84135.57;84201.22;40435014
2024-04-25;84317.34;84374.31;83127.18;83535.02;33844357
2024-04-26;84269.07;84648.18;84040.25;84443.72;37447491
2024-04-29;84756.53;85390.28;84002.12;85375.3;38044604
2024-04-30;85468.44;85468.44;84387.63;84569.65;35704930
2024-05-02;84842.84;85038.12;84217.92;84393.73;26432571
2024-05-06;85124.34;86731.72;84688.11;86575.3;49777555
2024-05-07;86589.01;87215.09;86318.34;86483.54;65717691
2024-05-08;86619.56;86888.67;86225.78;86888.67;46965908
2024-05-09;87347.73;87653.33;87136.08;87427.54;49987740
2024-05-10;87715.72;87863.07;86444.11;86508.67;63463595
2024-05-13;86855.87;87479.33;86572.51;87387.58;47591084
